pic_id,Views,tag
42889603032,349213.0,blue
42936491562,338162.0,blue
28003871477,193963.0,blue
39964628801,162575.0,blue
27760259209,148045.0,blue
40059848781,147903.0,blue
39073510820,131043.0,blue
42925426991,129604.0,blue
42107771194,122937.0,blue
27991165517,121248.0,blue
41024269320,117428.0,blue
42930550411,114892.0,blue
27342024277,113079.0,blue
42769505371,109547.0,blue
27964065317,106488.0,blue
26188325958,105732.0,blue
41743510402,104827.0,blue
27040504657,103037.0,blue
41589985482,102445.0,blue
41853134975,100756.0,blue
41303557844,100710.0,blue
42325199102,100540.0,blue
26817143388,100325.0,blue
39947650011,99593.0,blue
39319042520,99486.0,blue
42611904272,97876.0,blue
28114722117,97512.0,blue
41812284462,97465.0,blue
25986361418,97371.0,blue
41825327791,96225.0,blue
40651741161,95834.0,blue
39969014580,95408.0,blue
27318652257,94946.0,blue
41813265062,94471.0,blue
41766734152,94202.0,blue
24815661297,93917.0,blue
41369081484,93817.0,blue
24622566697,93693.0,blue
25216847117,93186.0,blue
40318699850,92580.0,blue
41138361735,91912.0,blue
41858240275,91866.0,blue
40508818830,91620.0,blue
42748541842,90512.0,blue
40843126834,88141.0,blue
40283315990,87889.0,blue
27654824158,87684.0,blue
41777762175,86847.0,blue
40991015245,83327.0,blue
41627243531,82425.0,blue
25138548917,82402.0,blue
40691135085,82038.0,blue
41982658495,80999.0,blue
41625944631,80267.0,blue
41867556652,77922.0,blue
39889718685,77778.0,blue
27426371697,77163.0,blue
41822439155,75543.0,blue
41069004715,74223.0,blue
40083261330,74221.0,blue
28965658578,73012.0,blue
27470350777,72797.0,blue
27833523358,70295.0,blue
27829756157,68741.0,blue
41079732035,68292.0,blue
42428619892,66122.0,blue
27987305807,66070.0,blue
40569207602,65390.0,blue
42220905374,65304.0,blue
41908992255,64237.0,blue
42493299231,63883.0,blue
26704551577,63316.0,blue
42419833362,62191.0,blue
41973181865,61052.0,blue
42826570682,59950.0,blue
38798476410,59629.0,blue
42040739435,58493.0,blue
40731877310,58290.0,blue
27565307107,57831.0,blue
41868827311,56495.0,blue
26508243908,55304.0,blue
42918729892,54078.0,blue
42071520432,53868.0,blue
17510627493,53662.0,blue
28250040639,53047.0,blue
39091989295,51494.0,blue
38882619474,51152.0,blue
40847382144,48457.0,blue
42214140034,47821.0,blue
41633626085,47173.0,blue
40179365962,47018.0,blue
27985267547,46785.0,blue
40543111475,46709.0,blue
27142838868,46610.0,blue
42144536544,45470.0,blue
42222558624,44639.0,blue
42383727502,44561.0,blue
39304809470,44092.0,blue
41136503230,44055.0,blue
42365134101,43918.0,blue
41162914125,43522.0,blue
42220720212,43274.0,blue
27071068897,42124.0,blue
38634339640,41537.0,blue
41701254792,41533.0,blue
41648076222,41489.0,blue
26650026177,41316.0,blue
27570101497,41156.0,blue
41158380430,40281.0,blue
26518753247,40215.0,blue
27163679217,40204.0,blue
39723640630,39685.0,blue
40748863265,39624.0,blue
41457063392,38969.0,blue
41752378975,38833.0,blue
41375407585,38529.0,blue
3927238349,37403.0,blue
41888769925,34616.0,blue
42969164051,34273.0,blue
39541615831,33507.0,blue
39143889090,32858.0,blue
40713211155,32487.0,blue
41837952085,32455.0,blue
40974602120,32393.0,blue
42044681095,29682.0,blue
42820085872,29646.0,blue
40149591082,29403.0,blue
42923903802,29397.0,blue
27967054767,28739.0,blue
41749954042,28368.0,blue
28067905357,28138.0,blue
42899491502,27730.0,blue
27671841919,27631.0,blue
42706223812,27341.0,blue
42825035362,26862.0,blue
41099854790,26398.0,blue
39425701641,25770.0,blue
24732709657,25323.0,blue
40672259055,25253.0,blue
39814931321,24668.0,blue
42274312601,24115.0,blue
40443627891,23793.0,blue
42204952154,23772.0,blue
27839406409,23595.0,blue
29063384418,23501.0,blue
25229563137,23471.0,blue
12076801396,23332.0,blue
41908884252,23281.0,blue
40433439872,23161.0,blue
28133659619,22931.0,blue
42849045542,22749.0,blue
38805286294,22576.0,blue
40993661640,22534.0,blue
40799223335,22404.0,blue
41522565721,21790.0,blue
42971578411,21573.0,blue
39062418320,21548.0,blue
38977664894,21536.0,blue
40911244895,21404.0,blue
42770749621,20971.0,blue
41646131134,20925.0,blue
28061922749,20889.0,blue
39524188700,20869.0,blue
39960707245,20581.0,blue
41676074901,20569.0,blue
41116421700,20495.0,blue
28338742458,20465.0,blue
40564332902,20390.0,blue
41319599505,20157.0,blue
41416396205,19939.0,blue
40295941562,19876.0,blue
27929168989,19819.0,blue
41898080065,19735.0,blue
42122167734,19695.0,blue
41929340525,19639.0,blue
39604558460,19544.0,blue
41895118795,19485.0,blue
40844195655,19463.0,blue
28178638548,19437.0,blue
27685590508,19432.0,blue
28085732688,19372.0,blue
15584984614,19335.0,blue
41046494420,19315.0,blue
40761822785,19226.0,blue
41977886045,19202.0,blue
41315378312,19161.0,blue
41919585665,19082.0,blue
40742162984,18829.0,blue
41174983645,18701.0,blue
41136363370,18527.0,blue
41135110814,18455.0,blue
26498196377,18393.0,blue
41615236822,18355.0,blue
41912715955,18297.0,blue
39778468970,18224.0,blue
27511273367,18095.0,blue
41392248601,18047.0,blue
39504278170,18040.0,blue
42219596804,18019.0,blue
28030057518,17986.0,blue
28361439318,17985.0,blue
41393445841,17920.0,blue
41753567361,17848.0,blue
2350449090,17846.0,blue
42212851012,17751.0,blue
29003876158,17727.0,blue
41522504741,17712.0,blue
29079520508,17572.0,blue
42173135961,17548.0,blue
28015159537,17546.0,blue
41389751434,17466.0,blue
42042767301,17405.0,blue
40991570005,17343.0,blue
38842936835,17309.0,blue
27391496747,17283.0,blue
40539381830,17273.0,blue
25599171637,17204.0,blue
40513519630,17197.0,blue
42774621731,17158.0,blue
41160573090,17084.0,blue
27471387117,17070.0,blue
24754462207,17057.0,blue
42839685252,16943.0,blue
26954223197,16872.0,blue
27658914567,16803.0,blue
42076889951,16779.0,blue
42868670161,16739.0,blue
42232644894,16691.0,blue
41314935225,16649.0,blue
42828665122,16604.0,blue
27055206217,16437.0,blue
40869296044,16426.0,blue
27412485427,16367.0,blue
39851757482,16211.0,blue
42182880364,16205.0,blue
39842327212,16163.0,blue
26103939838,16140.0,blue
28174162159,16010.0,blue
42514576241,15786.0,blue
28598044098,15764.0,blue
40580258604,15682.0,blue
27683793248,15532.0,blue
39699856642,15492.0,blue
42029736932,15421.0,blue
41008313384,15378.0,blue
42855047722,15343.0,blue
41730155984,15233.0,blue
42347605811,15230.0,blue
39738308261,15184.0,blue
40662894965,15129.0,blue
40991527520,15072.0,blue
42470291282,14967.0,blue
41672935932,14933.0,blue
40754643890,14911.0,blue
41521063561,14902.0,blue
28867950098,14898.0,blue
38975976014,14865.0,blue
40370472270,14859.0,blue
28083343569,14858.0,blue
39902194155,14799.0,blue
41038708984,14789.0,blue
40131796814,14749.0,blue
25689233698,14713.0,blue
42156954622,14702.0,blue
42000024581,14696.0,blue
40597829995,14694.0,blue
40009386995,14692.0,blue
42170787191,14673.0,blue
39882145541,14641.0,blue
41605853305,14607.0,blue
42539411572,14589.0,blue
25204708707,14541.0,blue
42014731995,14539.0,blue
40394859605,14500.0,blue
42212370511,14472.0,blue
27909334508,14456.0,blue
41325635104,14428.0,blue
42358968311,14352.0,blue
39409603850,14265.0,blue
41621662481,14261.0,blue
41928278115,14184.0,blue
41777209405,14152.0,blue
41971049075,14098.0,blue
40003184500,14098.0,blue
26710836477,14056.0,blue
40675259565,13963.0,blue
26090883058,13900.0,blue
40829081304,13867.0,blue
27517781498,13864.0,blue
29079479418,13837.0,blue
41690025825,13835.0,blue
40967966580,13816.0,blue
41304242465,13749.0,blue
42457023031,13725.0,blue
42685184542,13695.0,blue
39960042944,13596.0,blue
27838966507,13580.0,blue
42038114454,13540.0,blue
40519118761,13538.0,blue
40546306285,13527.0,blue
39386825915,13510.0,blue
23706971543,13442.0,blue
38664017080,13423.0,blue
25946644618,13364.0,blue
41544355672,13323.0,blue
29008601198,13200.0,blue
40861972391,12951.0,blue
39967973505,12932.0,blue
41520403611,12825.0,blue
41517500994,12767.0,blue
28276841758,12720.0,blue
39880992084,12681.0,blue
24732323117,12660.0,blue
40142754645,12582.0,blue
38782583285,12569.0,blue
39809174802,12551.0,blue
40399284242,12534.0,blue
41612139061,12533.0,blue
42378188331,12491.0,blue
39500401431,12473.0,blue
27959403068,12454.0,blue
27905071258,12430.0,blue
39944624331,12360.0,blue
28444299688,12343.0,blue
27014699618,12277.0,blue
42073465684,12271.0,blue
41093543620,12268.0,blue
26990354078,12257.0,blue
25948670468,12187.0,blue
41594177474,12181.0,blue
42535131261,12173.0,blue
41464678125,12170.0,blue
26981176867,12110.0,blue
41033775250,12084.0,blue
41589446452,12078.0,blue
42178472292,12065.0,blue
39927968581,12047.0,blue
26205273778,11975.0,blue
42244512524,11961.0,blue
40945429020,11944.0,blue
39825604892,11942.0,blue
33784739801,11897.0,blue
39880089272,11874.0,blue
41013906884,11847.0,blue
41554427414,11808.0,blue
42319567251,11806.0,blue
40595709402,11668.0,blue
41733719164,11535.0,blue
41274464361,11522.0,blue
41431735634,11452.0,blue
26739216358,11451.0,blue
41735283762,11374.0,blue
40929342015,11360.0,blue
41329274505,11334.0,blue
42893218762,11313.0,blue
39533085420,11297.0,blue
42060401221,11281.0,blue
39796728765,11215.0,blue
42885168581,11213.0,blue
35290712842,11190.0,blue
40953642080,11180.0,blue
41442926165,11176.0,blue
42850099791,11091.0,blue
41885029961,11068.0,blue
25922893668,11007.0,blue
42800760491,10991.0,blue
39647036251,10981.0,blue
42215168304,10968.0,blue
27559991877,10827.0,blue
39821689851,10814.0,blue
26683082948,10798.0,blue
42856462822,10794.0,blue
41072702900,10748.0,blue
41735018435,10700.0,blue
41052380135,10672.0,blue
42374269201,10623.0,blue
39161939100,10600.0,blue
41816829692,10566.0,blue
39223006170,10551.0,blue
42545395472,10506.0,blue
27693719537,10455.0,blue
25453423987,10451.0,blue
26900726148,10329.0,blue
41730681314,10245.0,blue
40012818072,10171.0,blue
27723766098,10140.0,blue
29068245218,10120.0,blue
39881715850,10047.0,blue
39948700581,10001.0,blue
41556280172,9975.0,blue
41996029814,9974.0,blue
35728490062,9953.0,blue
28885406488,9913.0,blue
26163907267,9907.0,blue
41752179515,9881.0,blue
40883464740,9827.0,blue
42068728185,9825.0,blue
42237669464,9792.0,blue
41810618751,9788.0,blue
40045652692,9785.0,blue
6555263903,9782.0,blue
41768575415,9754.0,blue
25633672848,9705.0,blue
28831361058,9675.0,blue
39883673170,9661.0,blue
26851480588,9659.0,blue
28189802828,9595.0,blue
41632081585,9559.0,blue
42573189712,9516.0,blue
27032830517,9512.0,blue
41514434232,9503.0,blue
41920030272,9489.0,blue
26736759007,9466.0,blue
41426459244,9465.0,blue
38936347550,9464.0,blue
27877103507,9453.0,blue
27878163548,9453.0,blue
28136002618,9450.0,blue
25460849647,9436.0,blue
27668677728,9413.0,blue
42506755652,9404.0,blue
39708665274,9394.0,blue
41111947665,9372.0,blue
28440433148,9350.0,blue
41514939224,9336.0,blue
27984367128,9326.0,blue
26957479407,9322.0,blue
40928887335,9228.0,blue
41853471071,9214.0,blue
40795669382,9212.0,blue
40867045754,9209.0,blue
26919752457,9201.0,blue
41137359554,9185.0,blue
42226186101,9165.0,blue
41090203552,9114.0,blue
41780547192,9108.0,blue
42030822544,9089.0,blue
40609076120,9072.0,blue
40862790404,9068.0,blue
41440879244,9065.0,blue
42373090212,9037.0,blue
40061309031,9025.0,blue
40220880925,9023.0,blue
41782095681,9018.0,blue
41081044560,9004.0,blue
42040076134,8995.0,blue
28604527238,8973.0,blue
39682725401,8920.0,blue
41657289955,8918.0,blue
42842331731,8917.0,blue
39862559810,8888.0,blue
41903232034,8845.0,blue
40833249645,8838.0,blue
39804612204,8831.0,blue
38702069235,8830.0,blue
39384461564,8823.0,blue
40176245771,8799.0,blue
27324000847,8786.0,blue
40506253995,8780.0,blue
42125649182,8771.0,blue
40864480911,8733.0,blue
41917651765,8723.0,blue
29093064168,8716.0,blue
41305578265,8672.0,blue
41231602621,8639.0,blue
39700296045,8617.0,blue
39455274234,8617.0,blue
8997701506,8601.0,blue
42726000242,8582.0,blue
42360635641,8575.0,blue
26164751888,8559.0,blue
40610343091,8550.0,blue
25661512397,8528.0,blue
26868722867,8508.0,blue
40334816982,8491.0,blue
41442700024,8490.0,blue
27551183658,8482.0,blue
40183377711,8446.0,blue
39962818695,8437.0,blue
28498533948,8397.0,blue
27240849627,8350.0,blue
37072618502,8345.0,blue
40438779581,8313.0,blue
41922568981,8308.0,blue
39548279905,8308.0,blue
42901400682,8293.0,blue
42879564071,8267.0,blue
42024175931,8209.0,blue
40734569684,8201.0,blue
40395049030,8200.0,blue
28298046079,8176.0,blue
42050081995,8093.0,blue
42462545352,8056.0,blue
42085463281,7982.0,blue
38864934765,7982.0,blue
42070482374,7963.0,blue
39809469070,7962.0,blue
42354465462,7926.0,blue
39984487532,7915.0,blue
41473559225,7885.0,blue
28237624069,7863.0,blue
25330928197,7851.0,blue
39912585275,7812.0,blue
41265339694,7808.0,blue
40597266264,7803.0,blue
25000325217,7803.0,blue
28716402378,7786.0,blue
41776135355,7785.0,blue
40142500950,7778.0,blue
38685703755,7770.0,blue
41800485871,7765.0,blue
40078867290,7750.0,blue
40040421450,7746.0,blue
41845062741,7744.0,blue
41059481650,7737.0,blue
28392267539,7727.0,blue
42223015112,7726.0,blue
40491557362,7722.0,blue
40171086302,7707.0,blue
39747205910,7705.0,blue
40469362550,7680.0,blue
41986990791,7673.0,blue
39418009750,7659.0,blue
41590492315,7654.0,blue
39696435585,7631.0,blue
38847605995,7614.0,blue
41008240341,7612.0,blue
42250037861,7611.0,blue
40315865612,7590.0,blue
25757387618,7578.0,blue
40094393250,7574.0,blue
40230840591,7562.0,blue
27785505787,7505.0,blue
40115747570,7502.0,blue
39727928740,7500.0,blue
27351333747,7466.0,blue
41095424812,7440.0,blue
42098563961,7435.0,blue
41749498095,7425.0,blue
25466367777,7416.0,blue
40644878192,7412.0,blue
40248250954,7410.0,blue
40150958775,7406.0,blue
39618972990,7405.0,blue
42836443671,7396.0,blue
40878092424,7370.0,blue
40711135335,7370.0,blue
39635300082,7348.0,blue
5840214496,7292.0,blue
40537361894,7285.0,blue
38725254554,7261.0,blue
41829114554,7238.0,blue
25897989717,7230.0,blue
41349738065,7203.0,blue
40279256050,7161.0,blue
26760771697,7145.0,blue
42707391261,7130.0,blue
27767366179,7116.0,blue
41893984992,7084.0,blue
39491191594,7076.0,blue
28767828208,7072.0,blue
26355539973,7066.0,blue
38903370814,7059.0,blue
40056546135,7047.0,blue
27247727497,7039.0,blue
38863935914,7030.0,blue
40584786965,7014.0,blue
38650180594,7007.0,blue
41001382820,7000.0,blue
23511660268,6997.0,blue
41863062981,6988.0,blue
39577700731,6984.0,blue
42019785452,6983.0,blue
25349133958,6980.0,blue
42079014605,6978.0,blue
41632493835,6974.0,blue
27231990687,6970.0,blue
27388981237,6936.0,blue
28998759528,6926.0,blue
40928669930,6906.0,blue
40866165494,6903.0,blue
41533734041,6898.0,blue
40405876350,6880.0,blue
38670502615,6875.0,blue
7588757004,6865.0,blue
41525261432,6863.0,blue
41588855002,6850.0,blue
39403253312,6850.0,blue
26720240367,6844.0,blue
25697477597,6840.0,blue
40393793655,6817.0,blue
39968469072,6813.0,blue
40722812660,6799.0,blue
39555625460,6798.0,blue
39686892004,6777.0,blue
27777560058,6775.0,blue
41650133802,6760.0,blue
40938778442,6755.0,blue
40402461611,6755.0,blue
26551280818,6744.0,blue
26932765148,6728.0,blue
41072827145,6704.0,blue
39599196355,6687.0,blue
27680592187,6636.0,blue
39305237655,6626.0,blue
39108098390,6624.0,blue
41931891581,6623.0,blue
39417578572,6616.0,blue
40776060345,6609.0,blue
41576621162,6604.0,blue
40696782780,6603.0,blue
28149748799,6590.0,blue
40982898222,6586.0,blue
28087496167,6582.0,blue
40419411901,6582.0,blue
27103791268,6534.0,blue
38431100160,6533.0,blue
38912090975,6516.0,blue
40013189552,6483.0,blue
41722579661,6482.0,blue
28831323058,6466.0,blue
42599992331,6464.0,blue
28118718948,6446.0,blue
28023992109,6437.0,blue
39719699060,6418.0,blue
42619595621,6411.0,blue
27302457598,6408.0,blue
42525383282,6406.0,blue
40058783411,6402.0,blue
40872514234,6395.0,blue
39869815081,6392.0,blue
41954342132,6381.0,blue
41644219031,6380.0,blue
7668837234,6375.0,blue
39134857550,6373.0,blue
34509312392,6365.0,blue
41902050274,6359.0,blue
41641340421,6339.0,blue
42044588465,6311.0,blue
41821959731,6290.0,blue
40899688950,6288.0,blue
28690033768,6286.0,blue
42231063734,6244.0,blue
42161634614,6239.0,blue
40337278594,6238.0,blue
28605330378,6227.0,blue
39113032240,6223.0,blue
42044473961,6221.0,blue
42111660294,6219.0,blue
40271383231,6214.0,blue
39242257964,6213.0,blue
41193803801,6204.0,blue
41887836171,6192.0,blue
42753733851,6190.0,blue
27281954218,6183.0,blue
41228272021,6162.0,blue
26819347557,6154.0,blue
38710826295,6148.0,blue
39405120665,6131.0,blue
41865616421,6120.0,blue
41450137682,6115.0,blue
24983807347,6102.0,blue
40754748462,6069.0,blue
40912416004,6066.0,blue
25093099627,6063.0,blue
40805567525,6050.0,blue
40220300931,6045.0,blue
39648460004,6040.0,blue
40960957062,6036.0,blue
39158638015,6032.0,blue
41130661554,6027.0,blue
41842369001,6012.0,blue
40471026601,6010.0,blue
41578034064,6010.0,blue
40234625882,6005.0,blue
41116893685,5997.0,blue
42823870902,5976.0,blue
39204551935,5974.0,blue
42760195641,5967.0,blue
41970722741,5961.0,blue
39858030204,5943.0,blue
26973858947,5942.0,blue
27499461838,5940.0,blue
40388104620,5929.0,blue
39673503335,5907.0,blue
40754619891,5907.0,blue
41663968691,5906.0,blue
42087995562,5903.0,blue
41485344864,5900.0,blue
39091865630,5897.0,blue
38877329100,5886.0,blue
26912219097,5880.0,blue
41812441874,5879.0,blue
39745498125,5869.0,blue
40476145410,5841.0,blue
40582738365,5839.0,blue
39623657110,5827.0,blue
27472616697,5826.0,blue
20849595224,5808.0,blue
26936673707,5764.0,blue
28187882108,5757.0,blue
39686736650,5749.0,blue
41173843474,5748.0,blue
39281382985,5737.0,blue
40885033260,5729.0,blue
41933955511,5718.0,blue
40001940870,5692.0,blue
27259435707,5687.0,blue
41718731931,5683.0,blue
41111072264,5669.0,blue
41865538264,5654.0,blue
39196778384,5651.0,blue
26557380247,5650.0,blue
39488923895,5650.0,blue
42188459132,5642.0,blue
42643833602,5636.0,blue
42592201912,5636.0,blue
40760872104,5623.0,blue
27680014808,5613.0,blue
28984996918,5602.0,blue
39468838841,5583.0,blue
41077097575,5581.0,blue
41808219112,5574.0,blue
40633806981,5573.0,blue
42337401531,5563.0,blue
40961801511,5558.0,blue
42618111021,5558.0,blue
24728696537,5558.0,blue
28393839359,5554.0,blue
42755420392,5552.0,blue
39785698764,5551.0,blue
28992756638,5535.0,blue
42294469612,5524.0,blue
42168857701,5519.0,blue
41924119731,5517.0,blue
41234828984,5516.0,blue
42328877111,5515.0,blue
41632134541,5514.0,blue
42180742772,5501.0,blue
27026798638,5492.0,blue
42689163351,5490.0,blue
28591640578,5490.0,blue
40024847860,5490.0,blue
28350980988,5488.0,blue
28411724458,5471.0,blue
41820563082,5466.0,blue
27096800565,5466.0,blue
40949282430,5462.0,blue
42187256612,5457.0,blue
39343802875,5456.0,blue
42534260341,5455.0,blue
8076921071,5454.0,blue
27889893788,5453.0,blue
38623380330,5440.0,blue
26863059077,5435.0,blue
39530498642,5418.0,blue
27800688107,5416.0,blue
42250646891,5414.0,blue
42956963431,5406.0,blue
39105656295,5400.0,blue
39129072495,5397.0,blue
39951169410,5391.0,blue
40794283821,5381.0,blue
39600408931,5377.0,blue
41734249664,5369.0,blue
41499799782,5367.0,blue
26184473197,5365.0,blue
41013893671,5361.0,blue
27007019977,5360.0,blue
25490523577,5342.0,blue
40011758450,5327.0,blue
38639294270,5318.0,blue
40883421075,5305.0,blue
42193816401,5300.0,blue
40269506130,5294.0,blue
39621449612,5287.0,blue
27510725757,5276.0,blue
40419999200,5274.0,blue
26430165168,5272.0,blue
39525870782,5253.0,blue
40176574434,5241.0,blue
25650331648,5240.0,blue
42189630571,5232.0,blue
41846231902,5224.0,blue
26691953688,5221.0,blue
42103804512,5218.0,blue
42192773011,5205.0,blue
42055190962,5202.0,blue
42834592731,5187.0,blue
39970090495,5187.0,blue
39828904214,5175.0,blue
41485507515,5171.0,blue
42158716822,5170.0,blue
40599346351,5169.0,blue
40002131105,5161.0,blue
40786464682,5161.0,blue
26712194938,5156.0,blue
29007501608,5154.0,blue
40866207675,5149.0,blue
26759955457,5144.0,blue
39751633800,5143.0,blue
41953718252,5131.0,blue
42425845011,5128.0,blue
27826522198,5121.0,blue
40183193021,5121.0,blue
39765913830,5120.0,blue
38526814090,5111.0,blue
24702454437,5109.0,blue
27791056629,5105.0,blue
41494612842,5105.0,blue
38767594755,5102.0,blue
27831142318,5095.0,blue
38730998170,5082.0,blue
40197229634,5077.0,blue
40794398645,5075.0,blue
27167800547,5071.0,blue
41895549834,5066.0,blue
27064258467,5065.0,blue
42001466781,5061.0,blue
40358116262,5060.0,blue
40872663782,5056.0,blue
40385669900,5055.0,blue
41091506731,5049.0,blue
41957840811,5044.0,blue
41715934101,5042.0,blue
41019204884,5038.0,blue
40402707250,5029.0,blue
27434196217,5026.0,blue
39986488341,5025.0,blue
39812334341,5019.0,blue
42579064942,5016.0,blue
40923261640,5009.0,blue
42425597981,5000.0,blue
42422627942,4992.0,blue
27386584077,4987.0,blue
28062592747,4979.0,blue
39054920730,4978.0,blue
27984920777,4976.0,blue
27555004437,4972.0,blue
27428300267,4965.0,blue
41026360751,4964.0,blue
38683692400,4951.0,blue
40472467291,4950.0,blue
38846021615,4947.0,blue
40467354544,4946.0,blue
41515307095,4945.0,blue
41554925541,4945.0,blue
40999787420,4939.0,blue
25897071538,4934.0,blue
25726688778,4934.0,blue
41648175852,4931.0,blue
41349344325,4922.0,blue
25602108378,4919.0,blue
24966056727,4910.0,blue
41116822615,4910.0,blue
39687729024,4905.0,blue
35516346726,4897.0,blue
41004686175,4882.0,blue
27643239717,4877.0,blue
42693687282,4873.0,blue
39125446474,4873.0,blue
26822779680,4871.0,blue
39105041604,4859.0,blue
41878794905,4857.0,blue
41901774812,4848.0,blue
38894483825,4846.0,blue
41617215031,4841.0,blue
39943352455,4840.0,blue
22486555709,4837.0,blue
38484731010,4826.0,blue
41722913191,4819.0,blue
27907869568,4817.0,blue
25723112237,4816.0,blue
42752267752,4809.0,blue
25955677297,4806.0,blue
27728105878,4806.0,blue
28614886368,4803.0,blue
27914834518,4797.0,blue
41467504035,4789.0,blue
40965475950,4777.0,blue
40071772472,4769.0,blue
42057239161,4765.0,blue
38746517420,4762.0,blue
28936083598,4757.0,blue
40233051982,4755.0,blue
38913623425,4752.0,blue
39919699990,4750.0,blue
27683320329,4739.0,blue
42951021411,4737.0,blue
40051218302,4732.0,blue
38877085340,4732.0,blue
39028262325,4728.0,blue
41118938895,4724.0,blue
40296513371,4722.0,blue
40316170330,4722.0,blue
40180662482,4713.0,blue
40464156614,4713.0,blue
42196002062,4704.0,blue
39685661385,4704.0,blue
42264270122,4702.0,blue
27954240967,4701.0,blue
27690188608,4700.0,blue
42721514832,4699.0,blue
27765347347,4699.0,blue
28620948578,4698.0,blue
42028034682,4693.0,blue
40910153250,4692.0,blue
42789553592,4685.0,blue
26421950608,4681.0,blue
27259070627,4663.0,blue
40085432885,4662.0,blue
40775690662,4661.0,blue
27742424098,4660.0,blue
41121860225,4659.0,blue
42409185262,4659.0,blue
41605016871,4659.0,blue
42498241922,4648.0,blue
28364769728,4648.0,blue
27138759717,4644.0,blue
41806790084,4633.0,blue
39966207960,4627.0,blue
27215675697,4625.0,blue
39901827081,4623.0,blue
40673107015,4620.0,blue
27860639569,4612.0,blue
26930812737,4609.0,blue
39466489120,4602.0,blue
41545960835,4602.0,blue
27695373237,4599.0,blue
38703501350,4598.0,blue
41705066434,4598.0,blue
38592778500,4597.0,blue
28007096687,4592.0,blue
41764310265,4587.0,blue
28397723388,4584.0,blue
27186947628,4582.0,blue
39589821254,4576.0,blue
42049032475,4574.0,blue
42445509612,4573.0,blue
27338134597,4571.0,blue
40650190625,4563.0,blue
27929864438,4563.0,blue
40088421800,4558.0,blue
40373173180,4543.0,blue
41717478122,4543.0,blue
40272935054,4537.0,blue
40511634684,4533.0,blue
40783671271,4533.0,blue
39284219205,4532.0,blue
41423482161,4530.0,blue
40801034335,4523.0,blue
41338449151,4514.0,blue
42199558044,4504.0,blue
40979751740,4499.0,blue
38857528145,4494.0,blue
27892823567,4488.0,blue
40939835850,4485.0,blue
28060735228,4484.0,blue
40132661451,4477.0,blue
40748475295,4471.0,blue
40835297055,4465.0,blue
39620147472,4464.0,blue
40997859340,4459.0,blue
27874785399,4453.0,blue
41643778771,4450.0,blue
41628038124,4445.0,blue
40636462760,4443.0,blue
39290131375,4437.0,blue
41468217911,4437.0,blue
42066518272,4435.0,blue
28147490219,4427.0,blue
42543604291,4427.0,blue
39415427212,4427.0,blue
24859219667,4424.0,blue
41188283794,4422.0,blue
42882651511,4420.0,blue
42714412821,4420.0,blue
40745332165,4415.0,blue
25171774707,4413.0,blue
26320768797,4402.0,blue
42014133782,4401.0,blue
39490883604,4401.0,blue
39300277334,4399.0,blue
42228706362,4399.0,blue
28431931468,4399.0,blue
41934990202,4390.0,blue
27514164117,4387.0,blue
42245412634,4377.0,blue
41838875455,4374.0,blue
27756058057,4374.0,blue
25852394427,4370.0,blue
41036036214,4369.0,blue
40491720302,4359.0,blue
42062700732,4356.0,blue
39578228344,4356.0,blue
26412492698,4353.0,blue
40683894910,4350.0,blue
41767059832,4350.0,blue
38912358064,4340.0,blue
42483756341,4338.0,blue
27128514487,4336.0,blue
27106766037,4336.0,blue
39121280544,4334.0,blue
42144530741,4333.0,blue
41912251665,4328.0,blue
38636557435,4326.0,blue
27583902707,4325.0,blue
2436107815,4324.0,blue
27750556997,4323.0,blue
28016123568,4322.0,blue
27489380857,4320.0,blue
27578236557,4320.0,blue
38728022364,4316.0,blue
40222524730,4313.0,blue
39513140430,4304.0,blue
40968656111,4298.0,blue
41134166294,4298.0,blue
40981574234,4292.0,blue
14504224855,4291.0,blue
41559115072,4284.0,blue
28374652009,4275.0,blue
39912205372,4268.0,blue
39513211754,4263.0,blue
41375310775,4261.0,blue
40262236454,4261.0,blue
25612710387,4256.0,blue
41069902010,4256.0,blue
38585738780,4255.0,blue
41720676775,4253.0,blue
25222748677,4242.0,blue
41556727221,4241.0,blue
40539152060,4240.0,blue
27271148307,4231.0,blue
42134281134,4231.0,blue
27651958278,4225.0,blue
27389677837,4222.0,blue
40946514955,4215.0,blue
26783791667,4214.0,blue
40906330744,4214.0,blue
26603941717,4213.0,blue
42088091081,4212.0,blue
26853471257,4207.0,blue
41155416915,4206.0,blue
41533855051,4205.0,blue
27853256808,4196.0,blue
39447129935,4192.0,blue
39281703545,4185.0,blue
41047056075,4185.0,blue
26974901877,4178.0,blue
25995150338,4167.0,blue
27899697357,4167.0,blue
41468696545,4167.0,blue
39965597710,4164.0,blue
42446625202,4161.0,blue
42382583252,4159.0,blue
39178373210,4158.0,blue
42162451424,4151.0,blue
40999295985,4151.0,blue
42481693262,4150.0,blue
27968497727,4148.0,blue
27819991937,4147.0,blue
41618029435,4144.0,blue
40753527275,4144.0,blue
41271128291,4144.0,blue
41210139994,4132.0,blue
42719317272,4129.0,blue
40709422185,4129.0,blue
40965444145,4126.0,blue
41795701654,4124.0,blue
38998127270,4118.0,blue
27492040628,4117.0,blue
41716825104,4115.0,blue
28308820638,4114.0,blue
40151129034,4107.0,blue
26366664838,4103.0,blue
26834933257,4101.0,blue
39540010712,4098.0,blue
28636399858,4098.0,blue
29021164858,4090.0,blue
39922694674,4087.0,blue
27701990128,4085.0,blue
41334951621,4085.0,blue
27715795358,4076.0,blue
41302991714,4070.0,blue
40382006645,4070.0,blue
42337935881,4066.0,blue
28074682319,4064.0,blue
27629059267,4063.0,blue
42376972642,4062.0,blue
27138355658,4061.0,blue
41891477804,4059.0,blue
39159039374,4058.0,blue
40132438660,4055.0,blue
40947981415,4052.0,blue
38663863725,4045.0,blue
41069037125,4044.0,blue
39180535634,4043.0,blue
42505669971,4038.0,blue
39200731744,4033.0,blue
26836634798,4029.0,blue
41495062811,4029.0,blue
42197582094,4029.0,blue
29042804278,4029.0,blue
26853621748,4026.0,blue
41021903990,4023.0,blue
39143675700,4022.0,blue
41740694684,4021.0,blue
40682607985,4016.0,blue
8589669716,4016.0,blue
28016353289,4016.0,blue
39042305145,4008.0,blue
26796070577,4003.0,blue
41338591835,4000.0,blue
40686091355,4000.0,blue
39791013460,3997.0,blue
41588056851,3978.0,blue
28843132048,3978.0,blue
40091244622,3977.0,blue
42852903632,3975.0,blue
39509855850,3974.0,blue
42427942471,3973.0,blue
42504892372,3970.0,blue
39881620530,3968.0,blue
41950149734,3968.0,blue
42118524764,3967.0,blue
40298650374,3963.0,blue
28747210748,3962.0,blue
39795228785,3958.0,blue
28005280667,3955.0,blue
42815036112,3955.0,blue
42006605961,3953.0,blue
27105302307,3941.0,blue
41035783921,3940.0,blue
27517906397,3937.0,blue
40891918420,3936.0,blue
27152885348,3936.0,blue
26824543987,3935.0,blue
25569885897,3932.0,blue
41498247642,3932.0,blue
40099863784,3930.0,blue
41953052342,3925.0,blue
40869512801,3922.0,blue
42067718602,3917.0,blue
28119820578,3917.0,blue
40300074242,3912.0,blue
27539409847,3910.0,blue
27029813628,3906.0,blue
40441351872,3904.0,blue
41182220485,3904.0,blue
40985932851,3895.0,blue
40557499992,3892.0,blue
41425671355,3889.0,blue
40913491202,3887.0,blue
29018058578,3886.0,blue
40651061855,3885.0,blue
21898230321,3885.0,blue
42762558181,3884.0,blue
41333740315,3883.0,blue
28050933308,3882.0,blue
41833827081,3880.0,blue
27960217497,3878.0,blue
40972560432,3876.0,blue
26444460398,3876.0,blue
39014487495,3876.0,blue
40669847664,3876.0,blue
27963221827,3874.0,blue
42002447305,3873.0,blue
27026380377,3873.0,blue
42838673001,3872.0,blue
41992525102,3866.0,blue
40900144540,3864.0,blue
40964319785,3864.0,blue
40308650695,3863.0,blue
27920673299,3861.0,blue
41654941355,3859.0,blue
41352209725,3857.0,blue
39392157434,3845.0,blue
40540472520,3842.0,blue
25699587287,3835.0,blue
27461612147,3834.0,blue
26630118518,3832.0,blue
37291715985,3825.0,blue
41704432661,3822.0,blue
38913767624,3815.0,blue
38554038495,3815.0,blue
40131902702,3814.0,blue
40487930650,3811.0,blue
28124518628,3811.0,blue
41617737131,3810.0,blue
39412905315,3801.0,blue
28440201489,3801.0,blue
38970345430,3800.0,blue
39649071961,3798.0,blue
41001533200,3794.0,blue
41748196464,3794.0,blue
40142877500,3792.0,blue
42161966962,3789.0,blue
42665013132,3789.0,blue
40959132664,3786.0,blue
27714123857,3778.0,blue
38962321355,3777.0,blue
42023921541,3777.0,blue
40896014540,3777.0,blue
39547096235,3775.0,blue
27699193088,3772.0,blue
38858628380,3763.0,blue
40941535052,3762.0,blue
40218741255,3762.0,blue
40312154642,3757.0,blue
41542275724,3754.0,blue
40943789701,3754.0,blue
42213280052,3751.0,blue
40810324834,3751.0,blue
42368224061,3749.0,blue
40988104485,3749.0,blue
40045132471,3749.0,blue
41701324112,3746.0,blue
40879533805,3746.0,blue
41327254825,3745.0,blue
27333590508,3745.0,blue
40932309135,3743.0,blue
40886130264,3737.0,blue
40559638622,3730.0,blue
40786286491,3729.0,blue
40968310941,3725.0,blue
41018298930,3725.0,blue
42541862831,3720.0,blue
27661755797,3719.0,blue
27014407707,3717.0,blue
27910954738,3716.0,blue
40141620820,3713.0,blue
41277248774,3711.0,blue
40855706800,3708.0,blue
41953890045,3708.0,blue
41001459675,3706.0,blue
41290190252,3706.0,blue
28643254168,3705.0,blue
27287285438,3705.0,blue
27233665557,3705.0,blue
27653147218,3700.0,blue
40018122970,3697.0,blue
25569715678,3694.0,blue
26228141357,3694.0,blue
4019299447,3693.0,blue
40240584865,3692.0,blue
40124720210,3691.0,blue
40041798335,3688.0,blue
27340915547,3682.0,blue
39453586735,3682.0,blue
41787807904,3681.0,blue
41768927925,3672.0,blue
24694886487,3670.0,blue
40712184005,3664.0,blue
28161503078,3660.0,blue
26823247947,3654.0,blue
26554259778,3645.0,blue
24558880737,3642.0,blue
41255863915,3641.0,blue
40315013764,3641.0,blue
26774974717,3636.0,blue
39808454115,3635.0,blue
38728628504,3633.0,blue
41606671395,3631.0,blue
40300142204,3629.0,blue
27963861327,3629.0,blue
39751759935,3622.0,blue
40867468480,3621.0,blue
40495132630,3620.0,blue
42753346382,3620.0,blue
41492002944,3618.0,blue
40641889890,3616.0,blue
40732677250,3616.0,blue
41930260765,3614.0,blue
27306218638,3613.0,blue
39827673355,3611.0,blue
38847369655,3611.0,blue
40091475692,3608.0,blue
40774370800,3605.0,blue
41789977414,3603.0,blue
41543761601,3600.0,blue
40292397650,3597.0,blue
29003020238,3588.0,blue
39755265002,3588.0,blue
39931978591,3581.0,blue
28979347228,3580.0,blue
40420079902,3577.0,blue
27558851138,3574.0,blue
27382252738,3571.0,blue
41538694171,3570.0,blue
27082449277,3567.0,blue
38976194780,3565.0,blue
26534004438,3561.0,blue
40624381502,3560.0,blue
42082782484,3555.0,blue
27825830779,3554.0,blue
28279369578,3553.0,blue
27920388627,3552.0,blue
41504020802,3547.0,blue
39628443784,3545.0,blue
42164350202,3545.0,blue
40792656834,3542.0,blue
41095627605,3538.0,blue
28790585378,3537.0,blue
42206225262,3536.0,blue
41619276221,3534.0,blue
41712213754,3532.0,blue
27086325578,3530.0,blue
28009611237,3529.0,blue
41071118815,3522.0,blue
42752057791,3520.0,blue
39996541922,3517.0,blue
39881605750,3516.0,blue
40804823071,3513.0,blue
27419761847,3512.0,blue
28028853019,3512.0,blue
40123173855,3511.0,blue
26361545478,3505.0,blue
26939258357,3505.0,blue
25284798367,3503.0,blue
42263858251,3501.0,blue
27884481009,3500.0,blue
26439500337,3498.0,blue
41828570165,3498.0,blue
27565348507,3497.0,blue
27489200267,3495.0,blue
27766361428,3488.0,blue
41411472894,3483.0,blue
42516988091,3483.0,blue
41058783852,3483.0,blue
40154433261,3479.0,blue
42384847052,3478.0,blue
28887312518,3477.0,blue
26379066238,3475.0,blue
28296907408,3474.0,blue
39555299751,3466.0,blue
40120456571,3464.0,blue
38744059230,3463.0,blue
42326487021,3459.0,blue
26659310247,3457.0,blue
27858952939,3456.0,blue
41166189985,3450.0,blue
39507701614,3449.0,blue
41137363514,3446.0,blue
27055566207,3445.0,blue
28039178758,3441.0,blue
28241169558,3437.0,blue
26109379468,3437.0,blue
41845466224,3434.0,blue
42296891151,3433.0,blue
40511829461,3433.0,blue
41038654132,3432.0,blue
38714237645,3428.0,blue
40179389550,3427.0,blue
41661640142,3422.0,blue
42079330214,3422.0,blue
42844320492,3421.0,blue
27870056918,3420.0,blue
24904059067,3410.0,blue
42710104151,3408.0,blue
26960777227,3407.0,blue
42633080412,3404.0,blue
25809462527,3404.0,blue
28766214568,3397.0,blue
26280188407,3393.0,blue
27440874657,3389.0,blue
41669804572,3388.0,blue
40280325270,3388.0,blue
27289196097,3387.0,blue
40813880304,3386.0,blue
39307326180,3377.0,blue
26709138457,3375.0,blue
38739498450,3370.0,blue
40689365720,3362.0,blue
41993184622,3361.0,blue
40509083642,3361.0,blue
27314147227,3357.0,blue
28440881718,3354.0,blue
42137948952,3352.0,blue
39672094742,3348.0,blue
27807132018,3345.0,blue
27932179348,3343.0,blue
39547667025,3343.0,blue
40614348701,3343.0,blue
42879934171,3341.0,blue
27655891747,3340.0,blue
40019438631,3340.0,blue
24903127377,3340.0,blue
41086965680,3340.0,blue
40627657152,3339.0,blue
26734606287,3339.0,blue
28203434878,3336.0,blue
26892800138,3331.0,blue
26340499417,3330.0,blue
28670405618,3326.0,blue
40487691020,3325.0,blue
40858014500,3320.0,blue
25510391207,3314.0,blue
24823713377,3310.0,blue
39820318130,3307.0,blue
28896368308,3307.0,blue
40989910645,3305.0,blue
40784408120,3305.0,blue
42141354722,3303.0,blue
26928479467,3302.0,blue
27828480987,3299.0,blue
26810491247,3298.0,blue
42258165942,3297.0,blue
41013660535,3296.0,blue
26174004557,3295.0,blue
41297980335,3294.0,blue
26652856057,3292.0,blue
42570681101,3291.0,blue
27732776668,3290.0,blue
42031023412,3289.0,blue
41544375691,3289.0,blue
42189532902,3289.0,blue
28761772988,3287.0,blue
40936580434,3287.0,blue
26907298767,3283.0,blue
28452212438,3282.0,blue
40980689325,3281.0,blue
39783550811,3278.0,blue
18067418736,3277.0,blue
41484385724,3277.0,blue
39828748742,3275.0,blue
41883845335,3273.0,blue
41151255704,3271.0,blue
41163577775,3270.0,blue
26092771707,3268.0,blue
41495800212,3263.0,blue
26976799667,3262.0,blue
40253758120,3260.0,blue
40296091484,3259.0,blue
38964253220,3259.0,blue
28701257618,3258.0,blue
41348963205,3251.0,blue
28427927258,3250.0,blue
42251294262,3250.0,blue
39376749012,3245.0,blue
26272876447,3239.0,blue
40724146455,3236.0,blue
42516974691,3236.0,blue
41031308185,3236.0,blue
39929001600,3235.0,blue
28415146248,3235.0,blue
42681835082,3230.0,blue
39705798214,3230.0,blue
41799881352,3230.0,blue
40963023680,3228.0,blue
40544593650,3226.0,blue
28032650318,3226.0,blue
27847762997,3224.0,blue
28381209338,3221.0,blue
40672301132,3221.0,blue
40299149402,3220.0,blue
26051782607,3218.0,blue
40813708111,3216.0,blue
41078081242,3216.0,blue
39075166230,3216.0,blue
41970052531,3215.0,blue
40904040662,3215.0,blue
39908271725,3214.0,blue
39455287600,3213.0,blue
41119723621,3210.0,blue
27009619517,3208.0,blue
39259027875,3206.0,blue
40141973075,3205.0,blue
38894558520,3202.0,blue
40918441355,3202.0,blue
28096563198,3196.0,blue
41459048625,3194.0,blue
41723562471,3192.0,blue
25117050377,3189.0,blue
27574509767,3187.0,blue
39744747502,3186.0,blue
42065250692,3186.0,blue
39591296694,3186.0,blue
39761728560,3185.0,blue
26690911328,3185.0,blue
40028640732,3182.0,blue
40732432245,3182.0,blue
39666967091,3181.0,blue
39556456120,3177.0,blue
39468127611,3175.0,blue
40416256490,3173.0,blue
39928972581,3173.0,blue
40413991271,3167.0,blue
41537939925,3163.0,blue
40967920065,3159.0,blue
40172160352,3159.0,blue
26903759108,3156.0,blue
39013552615,3155.0,blue
41246281825,3154.0,blue
27756286228,3152.0,blue
42194335771,3151.0,blue
42441434831,3148.0,blue
28054852579,3136.0,blue
28037110458,3135.0,blue
39995945981,3134.0,blue
27863321347,3134.0,blue
28759663548,3128.0,blue
39969586500,3125.0,blue
27981393459,3125.0,blue
38869778455,3124.0,blue
28113689799,3124.0,blue
40877472330,3118.0,blue
39494389114,3117.0,blue
40562369940,3117.0,blue
24556968327,3112.0,blue
42617910712,3110.0,blue
39461646470,3109.0,blue
41725882034,3107.0,blue
39559420671,3105.0,blue
41324032911,3102.0,blue
41359747155,3100.0,blue
27948744299,3097.0,blue
26358066248,3096.0,blue
39020539495,3095.0,blue
42136663932,3093.0,blue
42740410251,3093.0,blue
42142923382,3091.0,blue
42511120411,3088.0,blue
42001698131,3087.0,blue
40003295450,3085.0,blue
42396432922,3081.0,blue
39978582540,3081.0,blue
25225941907,3078.0,blue
42835580501,3077.0,blue
38825840210,3076.0,blue
42102565964,3075.0,blue
40920222075,3070.0,blue
39767844590,3070.0,blue
28819496318,3070.0,blue
39576545214,3068.0,blue
41671781151,3065.0,blue
41561117944,3065.0,blue
26526759068,3061.0,blue
42228567982,3054.0,blue
28009941989,3054.0,blue
28813976698,3054.0,blue
38467781310,3052.0,blue
41282220375,3048.0,blue
41880779415,3039.0,blue
40720113271,3038.0,blue
27148726417,3038.0,blue
28573939018,3033.0,blue
42365104712,3033.0,blue
42161790471,3028.0,blue
42563494462,3026.0,blue
41893321545,3026.0,blue
26763553957,3025.0,blue
28941030168,3020.0,blue
42121415111,3020.0,blue
39448887832,3015.0,blue
42796890611,3014.0,blue
28933696138,3011.0,blue
39768293885,3007.0,blue
40561804044,3005.0,blue
25416120147,3003.0,blue
41437466715,3002.0,blue
40672155391,3001.0,blue
42141118182,3001.0,blue
25881085408,2999.0,blue
26396910737,2999.0,blue
26161119147,2998.0,blue
27654134668,2998.0,blue
40982037282,2998.0,blue
40067986625,2997.0,blue
39222830755,2997.0,blue
42039233234,2996.0,blue
25665404588,2996.0,blue
27707697748,2995.0,blue
27579681997,2995.0,blue
42187999091,2994.0,blue
39794239404,2992.0,blue
41524327215,2992.0,blue
41574147265,2988.0,blue
28104525849,2986.0,blue
29044022378,2983.0,blue
27841303848,2982.0,blue
28379364428,2981.0,blue
39859967180,2979.0,blue
39803153290,2979.0,blue
41014164191,2978.0,blue
27649466648,2976.0,blue
27820350109,2976.0,blue
28069843709,2974.0,blue
40009465591,2974.0,blue
42895782131,2973.0,blue
40930039234,2973.0,blue
40519762060,2973.0,blue
42567812592,2972.0,blue
28598993768,2971.0,blue
40279980020,2969.0,blue
40746242890,2967.0,blue
41157413841,2966.0,blue
41952598492,2963.0,blue
41221159394,2959.0,blue
41392238162,2957.0,blue
27557493527,2956.0,blue
28614717298,2956.0,blue
40831811090,2954.0,blue
28518514248,2954.0,blue
42896517041,2951.0,blue
25818358178,2951.0,blue
39824770152,2951.0,blue
41258898161,2950.0,blue
39330963735,2948.0,blue
42906786172,2946.0,blue
39645820821,2945.0,blue
40112393300,2944.0,blue
26241607877,2942.0,blue
41780962734,2939.0,blue
42339157781,2935.0,blue
42346886282,2930.0,blue
26151529357,2926.0,blue
39311430244,2926.0,blue
27939733447,2921.0,blue
41576706231,2920.0,blue
40476381641,2916.0,blue
41647020781,2914.0,blue
40331929974,2914.0,blue
41633508981,2914.0,blue
39798500771,2912.0,blue
26707467337,2912.0,blue
41138962884,2911.0,blue
40385341195,2910.0,blue
40922759465,2909.0,blue
41993099162,2908.0,blue
42468615642,2907.0,blue
42119961134,2907.0,blue
42135780504,2907.0,blue
24951237437,2906.0,blue
28606724878,2906.0,blue
28682048338,2904.0,blue
41796347111,2903.0,blue
26185234558,2903.0,blue
41281881752,2898.0,blue
42068132301,2897.0,blue
26565772838,2896.0,blue
41973760081,2894.0,blue
42001522222,2894.0,blue
39789990370,2894.0,blue
42687406311,2893.0,blue
41038154274,2887.0,blue
26964743687,2886.0,blue
40639654835,2886.0,blue
39515855025,2883.0,blue
40902900104,2881.0,blue
41025428855,2876.0,blue
40035179110,2875.0,blue
42441938762,2875.0,blue
38813745824,2874.0,blue
38737644375,2868.0,blue
41890656292,2868.0,blue
41250316731,2867.0,blue
42162313824,2867.0,blue
41170028954,2864.0,blue
40568059825,2864.0,blue
40026070490,2863.0,blue
26780467637,2862.0,blue
38943778650,2855.0,blue
40391722952,2853.0,blue
42854800151,2853.0,blue
40942046924,2848.0,blue
42504282811,2848.0,blue
40744971220,2844.0,blue
26578838508,2842.0,blue
39707407912,2841.0,blue
42782896381,2841.0,blue
40536202571,2838.0,blue
39880527014,2838.0,blue
41306834315,2836.0,blue
39200475725,2835.0,blue
41129309084,2834.0,blue
41576074554,2833.0,blue
26013999148,2833.0,blue
42283507382,2832.0,blue
26389643587,2829.0,blue
42692896992,2829.0,blue
39064332454,2828.0,blue
42675377371,2828.0,blue
41040224074,2827.0,blue
38822384064,2826.0,blue
25164402887,2825.0,blue
24714757377,2824.0,blue
40866225131,2824.0,blue
41813641092,2823.0,blue
42342157651,2822.0,blue
27784952489,2821.0,blue
27357283627,2820.0,blue
26930922597,2819.0,blue
40800148454,2819.0,blue
42121204662,2819.0,blue
41668334292,2818.0,blue
41903519831,2818.0,blue
42509786592,2816.0,blue
39907111732,2815.0,blue
41505104922,2814.0,blue
25630441798,2814.0,blue
28981271148,2812.0,blue
40928478684,2811.0,blue
41752519361,2810.0,blue
41876626431,2810.0,blue
39968255110,2809.0,blue
41914025934,2808.0,blue
42083112541,2807.0,blue
40631116792,2804.0,blue
42529299011,2800.0,blue
41235324575,2799.0,blue
41296996814,2798.0,blue
41978535801,2796.0,blue
28980944158,2795.0,blue
29095168048,2794.0,blue
28142829598,2794.0,blue
25754731818,2791.0,blue
41310082665,2791.0,blue
41947888785,2790.0,blue
41137925844,2790.0,blue
41773876594,2789.0,blue
40477951494,2787.0,blue
41380372351,2787.0,blue
41115589825,2787.0,blue
39869289371,2786.0,blue
27981767467,2785.0,blue
41176385875,2783.0,blue
40776291525,2782.0,blue
28016992458,2781.0,blue
26905367698,2781.0,blue
28192466769,2780.0,blue
26932618067,2780.0,blue
26028139768,2779.0,blue
40287448640,2778.0,blue
27862649838,2775.0,blue
27942538148,2775.0,blue
27547443217,2774.0,blue
38926809295,2774.0,blue
40006260500,2773.0,blue
38618782865,2767.0,blue
27903328667,2766.0,blue
41641857625,2765.0,blue
41622070101,2756.0,blue
40960299392,2754.0,blue
25580440647,2753.0,blue
27163237547,2753.0,blue
27735530848,2752.0,blue
26437007448,2751.0,blue
25464581757,2749.0,blue
39658674504,2749.0,blue
25281499497,2748.0,blue
27806029258,2745.0,blue
41720982911,2744.0,blue
27225813768,2740.0,blue
41409602032,2739.0,blue
27000236847,2739.0,blue
40277157762,2738.0,blue
39919367494,2736.0,blue
27111528007,2734.0,blue
41924992662,2732.0,blue
27805652469,2731.0,blue
28489301388,2730.0,blue
40155760241,2730.0,blue
26490582697,2728.0,blue
42833855641,2727.0,blue
41382835651,2727.0,blue
42733944501,2726.0,blue
38975264684,2725.0,blue
40187022630,2725.0,blue
42099297351,2724.0,blue
38838504485,2724.0,blue
37431640146,2723.0,blue
41736206811,2722.0,blue
41855920365,2721.0,blue
42396779782,2719.0,blue
27287223877,2719.0,blue
38946598394,2717.0,blue
25043302047,2717.0,blue
27240317408,2717.0,blue
27434241978,2717.0,blue
39515538184,2716.0,blue
41231948734,2716.0,blue
41518713464,2716.0,blue
39990925212,2716.0,blue
42141103922,2715.0,blue
40370090755,2714.0,blue
28920299628,2714.0,blue
28290428638,2713.0,blue
42667675961,2712.0,blue
39723397084,2712.0,blue
26432167397,2712.0,blue
25490564827,2711.0,blue
26446024547,2711.0,blue
26963594917,2708.0,blue
41836079812,2702.0,blue
41732444891,2702.0,blue
40921638215,2700.0,blue
40865612050,2700.0,blue
41021775030,2699.0,blue
41430623824,2699.0,blue
40249911130,2698.0,blue
27783763908,2698.0,blue
40875027300,2697.0,blue
25928021708,2697.0,blue
41849042981,2697.0,blue
26607012308,2695.0,blue
28354585689,2695.0,blue
40041515545,2693.0,blue
41606042752,2692.0,blue
28061646388,2691.0,blue
41117012754,2691.0,blue
41121973015,2691.0,blue
26043756708,2688.0,blue
39775265354,2688.0,blue
27948201488,2687.0,blue
26154005457,2687.0,blue
42779677321,2686.0,blue
26143307347,2685.0,blue
40381336770,2685.0,blue
28941872628,2684.0,blue
41763839062,2683.0,blue
39019748974,2683.0,blue
27435473987,2683.0,blue
41035871512,2681.0,blue
40540250300,2681.0,blue
41353373865,2680.0,blue
41299261625,2678.0,blue
28137985018,2677.0,blue
27826855347,2677.0,blue
24596003317,2676.0,blue
42011924904,2675.0,blue
42016288205,2675.0,blue
27109195477,2672.0,blue
41975218142,2671.0,blue
38497591210,2670.0,blue
39612359534,2669.0,blue
40194551330,2669.0,blue
39838379630,2667.0,blue
27983147978,2665.0,blue
40976056654,2662.0,blue
41539550551,2662.0,blue
40313536272,2661.0,blue
41911280362,2661.0,blue
41988420591,2660.0,blue
42252766191,2659.0,blue
27503049907,2659.0,blue
41575876362,2659.0,blue
42529927241,2659.0,blue
41583311654,2658.0,blue
26676663587,2658.0,blue
40695293925,2658.0,blue
42777571251,2657.0,blue
41054669495,2655.0,blue
42739170651,2655.0,blue
41135827434,2651.0,blue
39046865554,2649.0,blue
39843646744,2646.0,blue
40716314005,2646.0,blue
41111828975,2645.0,blue
28320731258,2641.0,blue
28311328948,2641.0,blue
40652474495,2640.0,blue
39690009890,2639.0,blue
25932701188,2639.0,blue
41632533322,2639.0,blue
26242803297,2639.0,blue
41860780765,2639.0,blue
39636915285,2638.0,blue
42616448011,2637.0,blue
41931140244,2637.0,blue
41697034122,2637.0,blue
27821117488,2636.0,blue
27652155548,2634.0,blue
42259607151,2634.0,blue
26021370697,2633.0,blue
39094718744,2631.0,blue
41919486262,2630.0,blue
25713585697,2630.0,blue
41638707084,2629.0,blue
25372501097,2628.0,blue
28514705578,2627.0,blue
27124345067,2621.0,blue
39754151990,2618.0,blue
39341686954,2616.0,blue
41773884314,2615.0,blue
39960274370,2615.0,blue
41292789254,2614.0,blue
39734830275,2614.0,blue
42084500794,2612.0,blue
41745065152,2612.0,blue
25191003197,2611.0,blue
41167382384,2611.0,blue
27182992207,2610.0,blue
42071150184,2609.0,blue
39990790650,2609.0,blue
41880759025,2609.0,blue
26571307187,2608.0,blue
40943240174,2608.0,blue
39922099942,2605.0,blue
40052397082,2604.0,blue
40737597414,2603.0,blue
40754052265,2603.0,blue
38863184670,2602.0,blue
40103568730,2601.0,blue
26312176767,2600.0,blue
26198639148,2600.0,blue
41788951492,2598.0,blue
41399870774,2598.0,blue
42454360001,2597.0,blue
40887858901,2596.0,blue
40401444371,2596.0,blue
41092703444,2595.0,blue
26645894477,2595.0,blue
25797740747,2594.0,blue
42674766082,2592.0,blue
41041913480,2591.0,blue
28665121368,2591.0,blue
27354825807,2590.0,blue
41987928312,2589.0,blue
40427923174,2588.0,blue
28182268309,2583.0,blue
39771827964,2582.0,blue
40099226142,2580.0,blue
40968934315,2580.0,blue
39218961800,2579.0,blue
40980363304,2577.0,blue
39837841950,2575.0,blue
25476465067,2573.0,blue
27385097857,2568.0,blue
41884482101,2567.0,blue
40543877251,2566.0,blue
42116204472,2566.0,blue
38624566340,2565.0,blue
27654125588,2563.0,blue
39894289962,2563.0,blue
39368423084,2562.0,blue
41930131412,2562.0,blue
41156244624,2559.0,blue
28566761428,2558.0,blue
28170630179,2558.0,blue
28056817948,2557.0,blue
41937314811,2557.0,blue
40616784985,2556.0,blue
41882369301,2554.0,blue
40982022180,2554.0,blue
41396690495,2553.0,blue
24925009667,2552.0,blue
39296414485,2552.0,blue
42795452141,2552.0,blue
39623795400,2551.0,blue
40067484875,2545.0,blue
42696133241,2545.0,blue
41275091774,2544.0,blue
41325149234,2543.0,blue
39904565620,2542.0,blue
42437702682,2540.0,blue
41934366954,2539.0,blue
40054938671,2538.0,blue
26155491437,2536.0,blue
40831003684,2535.0,blue
36363879443,2534.0,blue
40314383740,2533.0,blue
39720561531,2532.0,blue
41250940145,2532.0,blue
39761955481,2532.0,blue
41742996252,2530.0,blue
42192613081,2530.0,blue
42579521661,2529.0,blue
41683864302,2528.0,blue
27967138997,2528.0,blue
38708336520,2526.0,blue
39541873862,2526.0,blue
40640957315,2524.0,blue
26184915417,2524.0,blue
40872327602,2523.0,blue
38579515225,2522.0,blue
40368494304,2521.0,blue
27000473497,2518.0,blue
38747160275,2518.0,blue
40777037380,2517.0,blue
41432886962,2517.0,blue
28615387208,2516.0,blue
40164625012,2515.0,blue
40883754870,2515.0,blue
38767560024,2515.0,blue
40561564910,2514.0,blue
27692352769,2514.0,blue
40405086970,2514.0,blue
42315455412,2510.0,blue
41556325872,2509.0,blue
39827870545,2509.0,blue
28331935588,2509.0,blue
26948546548,2506.0,blue
42417583142,2504.0,blue
41464989954,2504.0,blue
40851617854,2504.0,blue
26162007047,2502.0,blue
40911423434,2501.0,blue
27777161309,2501.0,blue
42449324241,2500.0,blue
26597552238,2500.0,blue
28138833828,2499.0,blue
28023982708,2499.0,blue
40112400085,2498.0,blue
40106559634,2497.0,blue
26649500027,2495.0,blue
40779031650,2494.0,blue
41209563512,2493.0,blue
42548593621,2492.0,blue
40385215655,2490.0,blue
40635842811,2487.0,blue
41068570484,2485.0,blue
39726716972,2484.0,blue
39079642585,2482.0,blue
41796340331,2481.0,blue
40061063394,2479.0,blue
28766466678,2478.0,blue
38930608245,2478.0,blue
40905457365,2478.0,blue
28013745158,2478.0,blue
27826744398,2476.0,blue
41142886631,2474.0,blue
26667066967,2474.0,blue
41093740620,2472.0,blue
39768001020,2472.0,blue
41914276022,2469.0,blue
26108977348,2468.0,blue
39291566294,2468.0,blue
39531251001,2468.0,blue
27663218197,2467.0,blue
38794359054,2467.0,blue
40817051110,2464.0,blue
40772608465,2463.0,blue
41971777502,2463.0,blue
40779902055,2462.0,blue
42213214624,2460.0,blue
40090353760,2458.0,blue
39748889510,2458.0,blue
42662886461,2457.0,blue
40861154565,2457.0,blue
41640463245,2456.0,blue
39164874685,2455.0,blue
40761742400,2453.0,blue
27184269128,2453.0,blue
41088253464,2451.0,blue
26837514488,2450.0,blue
40114465110,2450.0,blue
26984970908,2449.0,blue
40499639352,2448.0,blue
41811231452,2448.0,blue
26574123238,2447.0,blue
42322755731,2445.0,blue
27296210617,2444.0,blue
40904386530,2442.0,blue
41440295255,2441.0,blue
28722618968,2440.0,blue
41786537605,2439.0,blue
26713748957,2439.0,blue
39889553190,2438.0,blue
41859090495,2437.0,blue
41291804444,2435.0,blue
42253994731,2433.0,blue
40139563734,2432.0,blue
42901234802,2432.0,blue
25045845277,2431.0,blue
39771739030,2430.0,blue
42403485291,2430.0,blue
25242682607,2429.0,blue
41391419854,2429.0,blue
42350259951,2429.0,blue
27574464918,2428.0,blue
38575847890,2423.0,blue
41253759424,2422.0,blue
39377815970,2422.0,blue
39256949534,2421.0,blue
26438262648,2418.0,blue
25773815918,2418.0,blue
41024457651,2415.0,blue
39089032255,2415.0,blue
27705463968,2413.0,blue
39376929505,2413.0,blue
40054190060,2410.0,blue
39427287181,2410.0,blue
25906062837,2408.0,blue
41809113142,2407.0,blue
38591051260,2407.0,blue
26531436338,2407.0,blue
26819312737,2405.0,blue
39780820540,2404.0,blue
41478816872,2402.0,blue
39908271530,2402.0,blue
39167975174,2400.0,blue
40231147100,2400.0,blue
40982179182,2400.0,blue
28050670747,2400.0,blue
27778942787,2399.0,blue
28263699308,2399.0,blue
42379034572,2398.0,blue
39655557115,2397.0,blue
27580195798,2395.0,blue
41486832264,2394.0,blue
41945963212,2391.0,blue
41898781335,2391.0,blue
25318215527,2390.0,blue
41826136341,2388.0,blue
41374819335,2388.0,blue
27017804778,2386.0,blue
40650657241,2386.0,blue
27654061288,2386.0,blue
42148388332,2385.0,blue
25027453587,2384.0,blue
40195638662,2384.0,blue
26513848148,2383.0,blue
41721027552,2383.0,blue
26001416688,2382.0,blue
41580488541,2381.0,blue
40305463014,2378.0,blue
40931296864,2378.0,blue
40115283080,2376.0,blue
40740718302,2376.0,blue
42503895121,2375.0,blue
41646166642,2374.0,blue
28215526838,2374.0,blue
39776847975,2373.0,blue
42061588455,2373.0,blue
41639986201,2372.0,blue
25082393547,2371.0,blue
39797433042,2368.0,blue
29035283598,2365.0,blue
40623205780,2365.0,blue
41201547442,2364.0,blue
26622304587,2364.0,blue
41653145495,2363.0,blue
28225931568,2362.0,blue
42457953231,2362.0,blue
26602446837,2361.0,blue
41273142545,2361.0,blue
40101620405,2361.0,blue
41898987791,2361.0,blue
40690203100,2360.0,blue
24953998587,2359.0,blue
26924654838,2358.0,blue
39883288345,2357.0,blue
40538552260,2355.0,blue
26288523598,2354.0,blue
27654916128,2353.0,blue
26113594638,2351.0,blue
27182161737,2351.0,blue
27351308738,2349.0,blue
28021178518,2349.0,blue
28015339997,2348.0,blue
26432167527,2348.0,blue
39720722345,2347.0,blue
39521613460,2347.0,blue
41424380162,2347.0,blue
41916458845,2347.0,blue
27887658038,2345.0,blue
28846390968,2345.0,blue
42704999311,2343.0,blue
28150236068,2341.0,blue
28728434868,2340.0,blue
41150964984,2340.0,blue
39653332862,2339.0,blue
26965695707,2339.0,blue
40986467190,2338.0,blue
26416164818,2338.0,blue
25007458887,2338.0,blue
40745297060,2337.0,blue
40514206785,2335.0,blue
40953889274,2335.0,blue
39489953682,2334.0,blue
28217311088,2332.0,blue
42525944322,2332.0,blue
27344654368,2331.0,blue
26949966617,2329.0,blue
40337015110,2328.0,blue
39859434201,2318.0,blue
26177347117,2316.0,blue
42456758251,2315.0,blue
40945026835,2313.0,blue
40531227865,2313.0,blue
41184456764,2313.0,blue
38534044600,2313.0,blue
42675402891,2309.0,blue
26853315918,2309.0,blue
27931601679,2308.0,blue
41415792624,2307.0,blue
40660699145,2306.0,blue
41995046205,2305.0,blue
28109243978,2305.0,blue
41534457982,2304.0,blue
25897483227,2302.0,blue
39718342514,2301.0,blue
42798108331,2299.0,blue
25910278517,2299.0,blue
42070715622,2298.0,blue
27308059107,2298.0,blue
41953732481,2298.0,blue
28928707818,2298.0,blue
26166026698,2297.0,blue
42659133942,2295.0,blue
26883814817,2295.0,blue
39813102001,2294.0,blue
26017223328,2293.0,blue
27360918727,2292.0,blue
41539359554,2291.0,blue
39380667405,2290.0,blue
40923254564,2289.0,blue
40292460110,2289.0,blue
40372959984,2288.0,blue
25265936847,2288.0,blue
41220935362,2287.0,blue
27875533968,2286.0,blue
26797070957,2286.0,blue
38864774254,2286.0,blue
41970888951,2283.0,blue
27591682697,2282.0,blue
41470167354,2282.0,blue
26375478788,2282.0,blue
41118239621,2282.0,blue
38731382065,2281.0,blue
39995038884,2281.0,blue
26152959887,2279.0,blue
39988294270,2278.0,blue
26805630118,2278.0,blue
41040751854,2277.0,blue
41467218914,2277.0,blue
41948558484,2276.0,blue
40973471175,2274.0,blue
39214791250,2274.0,blue
28998020488,2272.0,blue
40122117082,2270.0,blue
42034012341,2270.0,blue
27276071437,2269.0,blue
28098911088,2268.0,blue
28845108188,2267.0,blue
25746729958,2264.0,blue
42844553121,2264.0,blue
42338403881,2263.0,blue
27203331587,2260.0,blue
26093392188,2259.0,blue
41810251304,2258.0,blue
25890203478,2258.0,blue
26163938317,2256.0,blue
41403968634,2256.0,blue
41797756781,2254.0,blue
40477759810,2254.0,blue
38565074760,2250.0,blue
25682830097,2249.0,blue
41069882872,2248.0,blue
42190458524,2247.0,blue
25475792217,2246.0,blue
40973007621,2245.0,blue
42198274024,2241.0,blue
41588585244,2238.0,blue
40262698540,2237.0,blue
42709524791,2237.0,blue
41303166034,2237.0,blue
42504335582,2236.0,blue
42435160221,2235.0,blue
27804662077,2235.0,blue
39226649870,2235.0,blue
42021555422,2233.0,blue
38907045950,2233.0,blue
40447348430,2232.0,blue
27706923557,2231.0,blue
27752349719,2231.0,blue
40244566810,2230.0,blue
27368559097,2229.0,blue
40146603890,2229.0,blue
41589784222,2228.0,blue
41862132831,2227.0,blue
27760514787,2227.0,blue
40913047514,2225.0,blue
27554875468,2225.0,blue
42639939352,2225.0,blue
28488803368,2224.0,blue
42055252644,2223.0,blue
25187132417,2221.0,blue
40627887115,2221.0,blue
28141005218,2221.0,blue
27387624228,2221.0,blue
41847383594,2218.0,blue
26820836458,2217.0,blue
28303006768,2216.0,blue
41402306404,2215.0,blue
27749624027,2210.0,blue
42760793532,2208.0,blue
42768396891,2208.0,blue
42871041931,2208.0,blue
41853429455,2207.0,blue
41326247935,2207.0,blue
41977109505,2207.0,blue
42128138712,2206.0,blue
38825928340,2204.0,blue
25869346867,2204.0,blue
39624350545,2203.0,blue
40056152470,2202.0,blue
25873393008,2200.0,blue
28274250008,2200.0,blue
41293541695,2198.0,blue
41654658041,2198.0,blue
40726137245,2198.0,blue
40565761755,2197.0,blue
41266060565,2196.0,blue
41774565605,2196.0,blue
24750989717,2196.0,blue
39805506742,2196.0,blue
28345245698,2194.0,blue
41448802354,2194.0,blue
39950011584,2193.0,blue
40906809865,2193.0,blue
42273599482,2192.0,blue
27469301167,2192.0,blue
41148501184,2191.0,blue
41505321672,2191.0,blue
40365693781,2191.0,blue
40252460700,2190.0,blue
41778426265,2190.0,blue
39657389232,2189.0,blue
28392148539,2189.0,blue
41585379745,2188.0,blue
24812345887,2187.0,blue
29024489918,2186.0,blue
28901245598,2186.0,blue
42220577261,2183.0,blue
28722934754,2182.0,blue
39844293154,2181.0,blue
27781549618,2180.0,blue
39950147202,2180.0,blue
27788975848,2178.0,blue
28855526448,2176.0,blue
27182540567,2176.0,blue
40477392472,2176.0,blue
41330222595,2175.0,blue
39592318125,2174.0,blue
40186820854,2173.0,blue
41414739854,2173.0,blue
41788089971,2172.0,blue
40393981530,2172.0,blue
28039192169,2172.0,blue
27773819647,2169.0,blue
40603097104,2169.0,blue
28963176568,2168.0,blue
27704813308,2167.0,blue
39724588450,2167.0,blue
38793968504,2165.0,blue
39967397612,2165.0,blue
42285300701,2164.0,blue
28206075698,2164.0,blue
38868798904,2164.0,blue
25624871347,2162.0,blue
28232915688,2160.0,blue
28942911138,2158.0,blue
41853118845,2158.0,blue
39285405150,2157.0,blue
38706142875,2157.0,blue
40030046162,2155.0,blue
41069906085,2155.0,blue
26660753757,2155.0,blue
42696603601,2154.0,blue
42078542811,2152.0,blue
41801327045,2152.0,blue
26159294127,2152.0,blue
41026365781,2150.0,blue
41611102781,2148.0,blue
41902770532,2148.0,blue
25879034537,2147.0,blue
41709451311,2147.0,blue
28063791478,2145.0,blue
42509370952,2145.0,blue
27437637658,2142.0,blue
40531661115,2142.0,blue
25897673547,2141.0,blue
40503547620,2140.0,blue
41693987575,2140.0,blue
40643401545,2139.0,blue
40809266564,2139.0,blue
41936686345,2139.0,blue
27893593768,2137.0,blue
40700207454,2134.0,blue
40858029340,2133.0,blue
41774974094,2133.0,blue
27752480677,2131.0,blue
27746021348,2128.0,blue
27946834947,2127.0,blue
27297834168,2126.0,blue
40800358904,2125.0,blue
40333129435,2125.0,blue
39241709110,2125.0,blue
41860571411,2125.0,blue
39865074004,2125.0,blue
39924697670,2124.0,blue
27945855977,2123.0,blue
28097666218,2122.0,blue
39903711722,2121.0,blue
41077287794,2119.0,blue
40790596240,2118.0,blue
39615664540,2117.0,blue
28463484658,2116.0,blue
40749564115,2116.0,blue
28369180599,2115.0,blue
41462691995,2114.0,blue
40748882935,2114.0,blue
41709993304,2114.0,blue
26801670707,2113.0,blue
26516694587,2112.0,blue
27783733008,2111.0,blue
40069911460,2110.0,blue
28127566578,2110.0,blue
41765082161,2107.0,blue
40315589044,2106.0,blue
40521623061,2106.0,blue
28060019147,2104.0,blue
38872508014,2104.0,blue
41623458121,2104.0,blue
41552133564,2103.0,blue
25783004858,2099.0,blue
39928874770,2099.0,blue
40089307510,2097.0,blue
38745395260,2097.0,blue
41997680995,2095.0,blue
26723532967,2094.0,blue
39568674215,2091.0,blue
41556841034,2089.0,blue
41014435711,2089.0,blue
27869658367,2088.0,blue
41544277495,2087.0,blue
41757425354,2085.0,blue
39641704374,2083.0,blue
40324607434,2083.0,blue
39208600270,2079.0,blue
26557954617,2071.0,blue
41623443781,2071.0,blue
38843823724,2071.0,blue
40947482894,2070.0,blue
27651502139,2070.0,blue
28213937298,2069.0,blue
41880367012,2068.0,blue
42042126262,2067.0,blue
28333770628,2067.0,blue
42661711782,2067.0,blue
28638328508,2066.0,blue
41263059944,2064.0,blue
27173407908,2063.0,blue
27946111568,2062.0,blue
42303506202,2062.0,blue
28374356838,2061.0,blue
39456095194,2060.0,blue
41168483852,2060.0,blue
42046236131,2059.0,blue
27695037869,2058.0,blue
28350192499,2056.0,blue
41697928851,2055.0,blue
25397195337,2055.0,blue
41610664465,2052.0,blue
41990735151,2051.0,blue
41636256874,2050.0,blue
41877299672,2050.0,blue
42228246111,2049.0,blue
40980442380,2047.0,blue
26985713127,2045.0,blue
40910718134,2043.0,blue
40257992784,2042.0,blue
42218728502,2041.0,blue
39473798282,2040.0,blue
27326951917,2036.0,blue
41241890974,2036.0,blue
39003600055,2036.0,blue
25193439177,2035.0,blue
27161227217,2034.0,blue
42173293701,2034.0,blue
41416653144,2033.0,blue
39762112501,2033.0,blue
27143088378,2033.0,blue
28179425238,2032.0,blue
41642901744,2030.0,blue
41386529884,2026.0,blue
42540429832,2025.0,blue
28667194958,2024.0,blue
26833418257,2021.0,blue
28791147208,2020.0,blue
28470104518,2019.0,blue
26787237437,2018.0,blue
42612072461,2017.0,blue
26959415067,2015.0,blue
40585908125,2014.0,blue
39669593521,2013.0,blue
40775731395,2013.0,blue
41459523585,2012.0,blue
41167722404,2011.0,blue
28546433018,2009.0,blue
40572299595,2009.0,blue
27230760247,2008.0,blue
41166034385,2008.0,blue
42836408871,2008.0,blue
41362850231,2006.0,blue
40964113154,2005.0,blue
42039106095,2005.0,blue
25425074977,2002.0,blue
40490984595,2001.0,blue
26494460718,2001.0,blue
42060323784,1999.0,blue
39521834735,1996.0,blue
39066217070,1994.0,blue
27473020248,1994.0,blue
39889120620,1992.0,blue
41881269065,1990.0,blue
41560090751,1989.0,blue
41927113662,1988.0,blue
39635875834,1987.0,blue
28401882508,1986.0,blue
42006655682,1985.0,blue
40996350270,1984.0,blue
24914796357,1983.0,blue
26082813388,1982.0,blue
41524833791,1981.0,blue
27761595938,1980.0,blue
40921653445,1979.0,blue
42229358752,1979.0,blue
26787058507,1979.0,blue
26736825877,1979.0,blue
41645542575,1978.0,blue
41184577225,1978.0,blue
26870300187,1977.0,blue
25082034147,1974.0,blue
39548777725,1974.0,blue
41045830180,1973.0,blue
25378268677,1972.0,blue
40003900462,1972.0,blue
40979937650,1971.0,blue
41342814861,1971.0,blue
41787851644,1970.0,blue
26134164028,1969.0,blue
26928553787,1967.0,blue
40847048095,1965.0,blue
25150626457,1965.0,blue
40561804624,1963.0,blue
39904901651,1963.0,blue
41971445774,1962.0,blue
25928666878,1961.0,blue
42485252342,1960.0,blue
42021516525,1958.0,blue
38793584645,1957.0,blue
40466999750,1954.0,blue
26986849077,1954.0,blue
40691107360,1953.0,blue
28201500408,1952.0,blue
40742319905,1951.0,blue
42519625431,1948.0,blue
40130808355,1948.0,blue
40963310174,1947.0,blue
40291184081,1946.0,blue
27746481447,1945.0,blue
41066093280,1945.0,blue
39956959500,1942.0,blue
26824251847,1941.0,blue
41741652405,1940.0,blue
41965472664,1939.0,blue
27571429087,1939.0,blue
27380022227,1936.0,blue
40071830200,1933.0,blue
41105367581,1928.0,blue
40887874694,1928.0,blue
41813234904,1928.0,blue
39691647844,1926.0,blue
41973690215,1926.0,blue
27678812509,1925.0,blue
40304058510,1924.0,blue
40584938802,1923.0,blue
39012151370,1923.0,blue
26843315468,1922.0,blue
41997228521,1917.0,blue
41732276141,1917.0,blue
41909318995,1916.0,blue
38659948230,1915.0,blue
41315389215,1913.0,blue
41590079402,1912.0,blue
40845619115,1910.0,blue
40427564730,1908.0,blue
27290047637,1908.0,blue
28299445719,1907.0,blue
40810945315,1907.0,blue
42743801862,1907.0,blue
27293370347,1906.0,blue
28075796538,1905.0,blue
40789513152,1904.0,blue
41828857162,1903.0,blue
28269534828,1900.0,blue
28424500138,1900.0,blue
41043727301,1899.0,blue
42418738372,1897.0,blue
27206372547,1897.0,blue
41791106752,1896.0,blue
27681481318,1896.0,blue
38994128360,1895.0,blue
40357817935,1894.0,blue
39982289535,1894.0,blue
41752776761,1894.0,blue
40603951395,1894.0,blue
28178699748,1891.0,blue
25788833378,1891.0,blue
40552923040,1889.0,blue
28483165698,1888.0,blue
28259913428,1887.0,blue
41127084334,1887.0,blue
41362046372,1887.0,blue
39382070414,1886.0,blue
40848154120,1884.0,blue
41171285361,1882.0,blue
42494774571,1881.0,blue
42592194252,1881.0,blue
40169204910,1880.0,blue
40517737574,1880.0,blue
26588965278,1880.0,blue
27487919457,1880.0,blue
41762880561,1879.0,blue
40082915552,1877.0,blue
41300561325,1877.0,blue
25907965088,1876.0,blue
40317993370,1875.0,blue
42791968602,1872.0,blue
41848588035,1871.0,blue
39886650484,1871.0,blue
41886553031,1871.0,blue
25099135897,1870.0,blue
40619410730,1870.0,blue
42033559541,1870.0,blue
27474639687,1870.0,blue
41124710321,1869.0,blue
41697269182,1868.0,blue
27903604107,1868.0,blue
42846227142,1867.0,blue
27853565867,1866.0,blue
28039331809,1865.0,blue
39989640575,1865.0,blue
42278923921,1865.0,blue
39839811580,1865.0,blue
39579455464,1864.0,blue
27872826168,1863.0,blue
42693577652,1862.0,blue
41714285205,1862.0,blue
41928141912,1861.0,blue
42035610651,1861.0,blue
38861476435,1860.0,blue
40787395600,1860.0,blue
41094150721,1859.0,blue
40708285281,1859.0,blue
41056446191,1859.0,blue
42254582492,1859.0,blue
42328147501,1859.0,blue
41620904144,1858.0,blue
40035980981,1857.0,blue
27435830727,1855.0,blue
42796572231,1854.0,blue
40965149844,1854.0,blue
28875715868,1852.0,blue
28580636138,1851.0,blue
27021324287,1851.0,blue
39775374170,1851.0,blue
39515629984,1850.0,blue
41133632805,1849.0,blue
28376442018,1848.0,blue
28679997878,1848.0,blue
25704930488,1847.0,blue
42200537714,1844.0,blue
41833945324,1843.0,blue
41754910231,1841.0,blue
41558250825,1841.0,blue
42003134384,1839.0,blue
41949471092,1838.0,blue
39836637700,1837.0,blue
41502736142,1836.0,blue
40686255735,1835.0,blue
27241639938,1833.0,blue
42834664951,1830.0,blue
39599056075,1827.0,blue
39205416304,1826.0,blue
38760077070,1822.0,blue
26580498428,1822.0,blue
28088946908,1820.0,blue
40828634120,1818.0,blue
41273520801,1818.0,blue
41143711721,1816.0,blue
40299974791,1816.0,blue
40457870630,1816.0,blue
39846346254,1815.0,blue
42687858911,1814.0,blue
41238796954,1814.0,blue
27390800197,1813.0,blue
39489153685,1812.0,blue
41869401315,1811.0,blue
28580837458,1810.0,blue
28110172888,1808.0,blue
40342221611,1808.0,blue
27314123417,1805.0,blue
42073903041,1805.0,blue
40980428335,1804.0,blue
41850176631,1802.0,blue
41535272284,1802.0,blue
25669852407,1801.0,blue
28321837668,1800.0,blue
39607298721,1798.0,blue
42315119931,1797.0,blue
40865696404,1797.0,blue
42015901464,1796.0,blue
42851546762,1796.0,blue
27760594928,1792.0,blue
41582164464,1789.0,blue
40730140895,1788.0,blue
41855723495,1786.0,blue
25203048077,1784.0,blue
41291463235,1784.0,blue
41389021331,1783.0,blue
27337533187,1783.0,blue
41576798374,1782.0,blue
42340356121,1781.0,blue
41847980851,1779.0,blue
27082240727,1778.0,blue
39614971024,1778.0,blue
41945136571,1778.0,blue
42354771032,1778.0,blue
28858532448,1777.0,blue
28064597239,1777.0,blue
41468524485,1776.0,blue
41679079452,1776.0,blue
25980671968,1774.0,blue
27031505628,1774.0,blue
40549767772,1773.0,blue
40063800830,1772.0,blue
41624547752,1772.0,blue
42247392021,1771.0,blue
41393537855,1771.0,blue
41325546415,1771.0,blue
40167620711,1770.0,blue
41710752721,1770.0,blue
28114360009,1770.0,blue
26491173387,1768.0,blue
27880921067,1767.0,blue
27556885138,1767.0,blue
28919989938,1767.0,blue
39811369572,1765.0,blue
40795054310,1765.0,blue
27835287598,1762.0,blue
39670336201,1762.0,blue
41228705321,1760.0,blue
39730224820,1755.0,blue
41372158575,1754.0,blue
41726930131,1754.0,blue
42626146942,1753.0,blue
26104387987,1753.0,blue
40516383322,1752.0,blue
42933511091,1751.0,blue
27354311698,1750.0,blue
39792179764,1750.0,blue
42250606284,1750.0,blue
27344671077,1749.0,blue
38457337770,1749.0,blue
39636685515,1749.0,blue
27741281167,1749.0,blue
41554114005,1746.0,blue
27030734977,1746.0,blue
42344471032,1746.0,blue
41976701945,1744.0,blue
38629468670,1744.0,blue
40847794105,1744.0,blue
28153059279,1741.0,blue
41084717680,1741.0,blue
26931300717,1740.0,blue
41820336022,1740.0,blue
28420444938,1740.0,blue
42920757371,1740.0,blue
40209457090,1740.0,blue
40605501684,1738.0,blue
40007298800,1737.0,blue
41939333821,1736.0,blue
40617801850,1735.0,blue
42226490292,1735.0,blue
26086770787,1735.0,blue
41819802584,1735.0,blue
40114631824,1734.0,blue
26879801997,1734.0,blue
41384040382,1733.0,blue
41716446025,1731.0,blue
42848698101,1730.0,blue
42777651801,1730.0,blue
26824327117,1729.0,blue
27981650428,1728.0,blue
40005207430,1728.0,blue
42733582802,1728.0,blue
26083067678,1727.0,blue
39680610550,1727.0,blue
40503549020,1726.0,blue
42073368674,1726.0,blue
41055022001,1722.0,blue
26283082617,1721.0,blue
40561804944,1720.0,blue
27904556588,1720.0,blue
42448269631,1719.0,blue
27270720687,1719.0,blue
41538601744,1719.0,blue
24648090717,1719.0,blue
41799459281,1718.0,blue
41448164512,1715.0,blue
29075772378,1715.0,blue
42829994121,1713.0,blue
40240064914,1713.0,blue
40932469534,1712.0,blue
27936060567,1712.0,blue
40532047041,1710.0,blue
39637073952,1710.0,blue
42138545134,1709.0,blue
42056000892,1709.0,blue
41646899584,1708.0,blue
41978971572,1708.0,blue
26182708998,1706.0,blue
41930065585,1706.0,blue
39790779802,1705.0,blue
41119557211,1704.0,blue
39941983820,1703.0,blue
42069160641,1702.0,blue
40523462221,1702.0,blue
28382035558,1702.0,blue
42254401121,1701.0,blue
27104545397,1700.0,blue
39732181460,1700.0,blue
28369960298,1700.0,blue
25293974217,1699.0,blue
27015193727,1698.0,blue
39624326244,1698.0,blue
28152784078,1697.0,blue
40910186242,1696.0,blue
40500384471,1696.0,blue
40716860015,1696.0,blue
40954047665,1695.0,blue
40503545280,1694.0,blue
40080325764,1694.0,blue
39716498120,1693.0,blue
40807530681,1691.0,blue
41546050435,1690.0,blue
39760839584,1689.0,blue
27647992759,1688.0,blue
40468199710,1688.0,blue
25137899617,1687.0,blue
41018546464,1687.0,blue
41132481755,1685.0,blue
40760168430,1685.0,blue
42754946701,1684.0,blue
39217792875,1683.0,blue
38942778650,1683.0,blue
26648317957,1682.0,blue
41100605605,1682.0,blue
39955762270,1681.0,blue
42278725241,1680.0,blue
41229698355,1678.0,blue
38872268914,1678.0,blue
42504029592,1677.0,blue
39360459804,1677.0,blue
41002142750,1677.0,blue
40130138395,1676.0,blue
27968709388,1676.0,blue
26860514808,1674.0,blue
27753662778,1673.0,blue
27811905577,1673.0,blue
42642066252,1673.0,blue
42110409611,1673.0,blue
40837517930,1672.0,blue
40984239562,1672.0,blue
39411515170,1672.0,blue
26836418748,1672.0,blue
38660564470,1669.0,blue
41124835404,1669.0,blue
40124055850,1669.0,blue
27105653137,1668.0,blue
26849262847,1667.0,blue
39315484915,1667.0,blue
41701200044,1667.0,blue
42611215252,1666.0,blue
41255324835,1664.0,blue
42317268381,1663.0,blue
28098006808,1663.0,blue
40090876050,1662.0,blue
41058855665,1662.0,blue
27146354738,1662.0,blue
42508623582,1661.0,blue
39207115500,1661.0,blue
42032745301,1661.0,blue
39169870500,1660.0,blue
39513213344,1660.0,blue
42618054412,1660.0,blue
40939912815,1659.0,blue
42899360352,1659.0,blue
39466355482,1659.0,blue
41789409235,1659.0,blue
40771798955,1658.0,blue
28583509968,1658.0,blue
38830916264,1658.0,blue
25474710897,1655.0,blue
42490948581,1654.0,blue
40345543491,1653.0,blue
27880310687,1652.0,blue
28424653928,1651.0,blue
40961719310,1651.0,blue
40665141975,1650.0,blue
40451676084,1649.0,blue
27968376327,1649.0,blue
40124478700,1648.0,blue
40900519255,1648.0,blue
41155359471,1647.0,blue
27865803917,1646.0,blue
40901650365,1645.0,blue
40899272184,1644.0,blue
39054979220,1641.0,blue
26676090307,1640.0,blue
40417723562,1639.0,blue
41606756231,1639.0,blue
42774814102,1638.0,blue
42412923832,1637.0,blue
27474459587,1637.0,blue
40830669650,1637.0,blue
39572629902,1636.0,blue
26150880278,1635.0,blue
41766659124,1634.0,blue
27981949088,1633.0,blue
41149086964,1633.0,blue
28169021738,1633.0,blue
40966664541,1632.0,blue
41710979471,1631.0,blue
40634007554,1631.0,blue
27077800257,1631.0,blue
42596028712,1630.0,blue
38881821224,1629.0,blue
42573230982,1628.0,blue
40413234140,1627.0,blue
41909196192,1625.0,blue
40998276244,1624.0,blue
39542614091,1624.0,blue
41495256195,1623.0,blue
42041791084,1623.0,blue
26883362078,1621.0,blue
39583863851,1620.0,blue
28434422139,1620.0,blue
27794351117,1619.0,blue
41090534490,1619.0,blue
27844522598,1619.0,blue
27014261907,1618.0,blue
27817847717,1618.0,blue
40746789875,1618.0,blue
39400385484,1617.0,blue
39364315290,1615.0,blue
40467637531,1615.0,blue
27162450488,1614.0,blue
39846347044,1614.0,blue
41500261355,1613.0,blue
28943605218,1613.0,blue
26662916127,1612.0,blue
26805656527,1612.0,blue
40503546300,1612.0,blue
28294093979,1612.0,blue
41577118164,1611.0,blue
41760109994,1610.0,blue
41838593275,1610.0,blue
42166863482,1610.0,blue
42853440772,1610.0,blue
41377943514,1609.0,blue
39137179605,1608.0,blue
40963259034,1607.0,blue
28012045638,1604.0,blue
40292543670,1603.0,blue
41066974820,1601.0,blue
26402400987,1601.0,blue
42637977771,1600.0,blue
42271959672,1600.0,blue
40014889291,1600.0,blue
26715734247,1600.0,blue
27386580597,1598.0,blue
40737480775,1598.0,blue
41971318675,1597.0,blue
39631279634,1597.0,blue
41155202994,1596.0,blue
39386427224,1595.0,blue
42716847991,1595.0,blue
41593294314,1595.0,blue
26785892897,1594.0,blue
29031951388,1594.0,blue
41195884425,1593.0,blue
41204522512,1593.0,blue
26810114407,1593.0,blue
28980004648,1592.0,blue
27320183037,1592.0,blue
40708521475,1588.0,blue
27783560828,1588.0,blue
28353719028,1588.0,blue
41003100825,1588.0,blue
42481792541,1586.0,blue
41766666594,1585.0,blue
42936548421,1584.0,blue
41577457122,1584.0,blue
42703697592,1583.0,blue
40482293370,1583.0,blue
40458205515,1582.0,blue
28311579208,1582.0,blue
41807130254,1579.0,blue
28071936708,1578.0,blue
42687293072,1576.0,blue
42033553081,1576.0,blue
41766973775,1575.0,blue
42283956341,1575.0,blue
42457178411,1574.0,blue
41743192461,1574.0,blue
28227626908,1570.0,blue
39873177172,1570.0,blue
42462974752,1569.0,blue
39619272555,1568.0,blue
41069299684,1566.0,blue
40252995074,1566.0,blue
42337007281,1565.0,blue
28884434598,1564.0,blue
40876336364,1564.0,blue
41729639435,1563.0,blue
27672453738,1562.0,blue
26169736148,1561.0,blue
27708211828,1561.0,blue
28546436458,1561.0,blue
41304966085,1560.0,blue
40839308341,1558.0,blue
41775061141,1558.0,blue
40160423974,1558.0,blue
27073688528,1558.0,blue
42062610342,1556.0,blue
39028471840,1556.0,blue
40031959135,1556.0,blue
42207464561,1555.0,blue
40803397485,1552.0,blue
28203025508,1550.0,blue
40115303580,1549.0,blue
39013684055,1548.0,blue
27515412457,1548.0,blue
42561706371,1546.0,blue
40488667250,1545.0,blue
42369336131,1544.0,blue
27366184937,1542.0,blue
26879021308,1538.0,blue
42286803881,1537.0,blue
27904465777,1537.0,blue
41414551644,1537.0,blue
42033531912,1537.0,blue
40305406730,1535.0,blue
42322816951,1535.0,blue
41045428734,1535.0,blue
28125562389,1535.0,blue
41441308842,1530.0,blue
26900098597,1529.0,blue
26807486248,1528.0,blue
41326335161,1528.0,blue
27147274228,1528.0,blue
41206445244,1527.0,blue
41002565144,1527.0,blue
41566004951,1527.0,blue
41251165755,1527.0,blue
41613576421,1526.0,blue
40748767624,1525.0,blue
42559967001,1525.0,blue
41878400015,1524.0,blue
40316328610,1524.0,blue
39018715670,1523.0,blue
40644734810,1523.0,blue
28752113458,1523.0,blue
39466491120,1523.0,blue
41579951925,1522.0,blue
42663051091,1521.0,blue
39705281051,1520.0,blue
25628982827,1520.0,blue
28919702958,1519.0,blue
41338633101,1517.0,blue
41208602294,1517.0,blue
39843621692,1516.0,blue
41926502731,1516.0,blue
42679623042,1515.0,blue
40551036230,1515.0,blue
40488595260,1513.0,blue
28021942557,1513.0,blue
41845998322,1512.0,blue
40389540850,1511.0,blue
41194550914,1510.0,blue
42125445602,1510.0,blue
42476747212,1508.0,blue
38939791814,1507.0,blue
28127825189,1506.0,blue
28274469038,1504.0,blue
39712989612,1503.0,blue
41870684154,1503.0,blue
42309415972,1502.0,blue
42919510281,1501.0,blue
42028587911,1501.0,blue
42182787874,1501.0,blue
28944499718,1500.0,blue
41012672024,1499.0,blue
40383278011,1499.0,blue
42515831912,1496.0,blue
27195036407,1496.0,blue
41332605074,1495.0,blue
26940214597,1494.0,blue
38969316795,1491.0,blue
39771521140,1489.0,blue
27052764907,1488.0,blue
24705194237,1487.0,blue
27983531029,1486.0,blue
42512715001,1486.0,blue
28999691558,1485.0,blue
41524544711,1485.0,blue
41185206774,1485.0,blue
40440374230,1484.0,blue
28259740159,1484.0,blue
28687720558,1483.0,blue
42155151761,1483.0,blue
41104135944,1482.0,blue
42122575851,1482.0,blue
26976076648,1482.0,blue
39039948694,1482.0,blue
41854606831,1481.0,blue
28964376608,1479.0,blue
41692299081,1478.0,blue
40931610904,1476.0,blue
39149778020,1475.0,blue
38965292234,1474.0,blue
40759855605,1474.0,blue
40376959682,1473.0,blue
41166328122,1473.0,blue
39680230395,1472.0,blue
42750274761,1472.0,blue
42563512791,1472.0,blue
42030413474,1472.0,blue
41641227161,1471.0,blue
28081609717,1471.0,blue
28588325488,1468.0,blue
27342924947,1468.0,blue
39505843745,1466.0,blue
39955942010,1466.0,blue
41423378515,1465.0,blue
27332301127,1465.0,blue
39691098645,1465.0,blue
39780228552,1465.0,blue
41699220371,1464.0,blue
25856383507,1464.0,blue
39162271315,1463.0,blue
39089157005,1463.0,blue
41981801325,1462.0,blue
39523792012,1461.0,blue
27753516317,1460.0,blue
41671788482,1460.0,blue
28582940118,1458.0,blue
27466160498,1458.0,blue
28201005698,1458.0,blue
40251638452,1458.0,blue
40968047830,1457.0,blue
27814409277,1455.0,blue
26845972657,1454.0,blue
42547835831,1454.0,blue
40529554410,1454.0,blue
41054144485,1454.0,blue
41616171064,1451.0,blue
41203653952,1451.0,blue
40693105625,1451.0,blue
41275165725,1450.0,blue
40561805504,1450.0,blue
41870190514,1449.0,blue
25854282738,1446.0,blue
42934646361,1445.0,blue
41002057610,1445.0,blue
39530493242,1444.0,blue
42209141082,1444.0,blue
27539381038,1444.0,blue
41798522734,1443.0,blue
42754337742,1442.0,blue
42771763141,1442.0,blue
41271280464,1442.0,blue
39540571185,1442.0,blue
26818795798,1441.0,blue
27872001669,1441.0,blue
26741943227,1440.0,blue
28212913018,1440.0,blue
41880588865,1440.0,blue
40049856244,1438.0,blue
39781460650,1437.0,blue
38972958020,1436.0,blue
41232894144,1435.0,blue
40802558422,1433.0,blue
40813881274,1432.0,blue
41890536894,1431.0,blue
29082626088,1430.0,blue
42185971432,1429.0,blue
40979322764,1426.0,blue
40818213054,1425.0,blue
25597590508,1425.0,blue
42727747902,1424.0,blue
39794984271,1423.0,blue
41427321481,1423.0,blue
28954843158,1421.0,blue
41967273684,1420.0,blue
39742093344,1420.0,blue
27762720058,1419.0,blue
41005389062,1418.0,blue
41788558574,1417.0,blue
40198989120,1417.0,blue
41753825591,1417.0,blue
39763399350,1417.0,blue
25947752848,1414.0,blue
28573935728,1413.0,blue
40908253094,1412.0,blue
41515475625,1411.0,blue
24893017997,1411.0,blue
26221279877,1411.0,blue
41446015225,1410.0,blue
41719604432,1410.0,blue
26316284248,1410.0,blue
41916948592,1410.0,blue
40561807324,1409.0,blue
41561449481,1407.0,blue
28473791578,1406.0,blue
38906581015,1405.0,blue
40036354300,1405.0,blue
39696753260,1403.0,blue
28373840988,1403.0,blue
42050775364,1402.0,blue
39524515905,1402.0,blue
26598882437,1401.0,blue
39455483340,1400.0,blue
28880396068,1400.0,blue
39403226200,1399.0,blue
40766528940,1397.0,blue
40754037430,1397.0,blue
40695120350,1397.0,blue
28861484418,1396.0,blue
39752379500,1396.0,blue
27901780067,1395.0,blue
42037008382,1395.0,blue
42889369872,1393.0,blue
40323943424,1393.0,blue
27900979017,1391.0,blue
28665886478,1390.0,blue
39866477430,1389.0,blue
41943309665,1389.0,blue
40561806594,1389.0,blue
39451676252,1388.0,blue
41837401975,1388.0,blue
41505973674,1386.0,blue
41691712202,1386.0,blue
41944898744,1385.0,blue
41672575375,1385.0,blue
26470138678,1385.0,blue
41912770752,1384.0,blue
27416928257,1384.0,blue
27664915408,1383.0,blue
40914160865,1378.0,blue
27950201868,1377.0,blue
42374638351,1377.0,blue
41791221314,1374.0,blue
42329862622,1374.0,blue
40836901554,1374.0,blue
28896057158,1374.0,blue
41704657394,1373.0,blue
40407761530,1372.0,blue
40878677320,1371.0,blue
41153038154,1371.0,blue
27727061297,1370.0,blue
39866479220,1370.0,blue
41731064701,1369.0,blue
26658699878,1369.0,blue
40896973110,1369.0,blue
41204217044,1368.0,blue
42233313434,1367.0,blue
28030754068,1367.0,blue
28466901948,1366.0,blue
41090473190,1365.0,blue
29016371688,1365.0,blue
41647154152,1365.0,blue
28423216189,1364.0,blue
28484014128,1364.0,blue
42252582871,1364.0,blue
41042407795,1364.0,blue
25865238287,1362.0,blue
39329094415,1362.0,blue
42739713731,1358.0,blue
26543440338,1358.0,blue
41671710332,1358.0,blue
26003478898,1356.0,blue
40690676650,1356.0,blue
40896689070,1355.0,blue
40642337570,1355.0,blue
42739170032,1355.0,blue
42021473114,1354.0,blue
41861713642,1353.0,blue
27876268287,1352.0,blue
27770866487,1352.0,blue
39756618114,1352.0,blue
40854959990,1352.0,blue
41962378524,1351.0,blue
42858253232,1351.0,blue
41694752451,1351.0,blue
25805619448,1350.0,blue
42905093111,1349.0,blue
39924671910,1348.0,blue
37659972486,1347.0,blue
41312363322,1347.0,blue
41820876802,1346.0,blue
40887471200,1345.0,blue
41936821652,1344.0,blue
41560349182,1343.0,blue
40956721474,1342.0,blue
41877960472,1342.0,blue
42223924561,1340.0,blue
42268182991,1340.0,blue
41672742545,1339.0,blue
42315918481,1339.0,blue
41036707614,1339.0,blue
39615210611,1337.0,blue
42232197934,1337.0,blue
42356677691,1336.0,blue
27088990278,1333.0,blue
26291496067,1332.0,blue
41444441774,1331.0,blue
40053286970,1330.0,blue
42557921971,1329.0,blue
42033544641,1328.0,blue
40867913875,1328.0,blue
40502161114,1328.0,blue
28657589588,1327.0,blue
25467093887,1327.0,blue
41108770340,1327.0,blue
40124031891,1326.0,blue
39265586935,1326.0,blue
27550727667,1325.0,blue
42695920591,1325.0,blue
39289639854,1325.0,blue
41795203585,1324.0,blue
40809017864,1324.0,blue
28778190268,1323.0,blue
28401630678,1323.0,blue
40963790604,1323.0,blue
42032659795,1322.0,blue
41033891812,1321.0,blue
41480360155,1321.0,blue
41442973764,1319.0,blue
27006862757,1319.0,blue
40555700262,1319.0,blue
40896035374,1319.0,blue
28514434888,1318.0,blue
42035649931,1318.0,blue
41828741484,1317.0,blue
40346803251,1316.0,blue
41712161851,1315.0,blue
28774151948,1314.0,blue
41526586605,1312.0,blue
39134016530,1311.0,blue
39444460864,1308.0,blue
28044218868,1308.0,blue
25230743097,1307.0,blue
42922177031,1305.0,blue
27173380237,1304.0,blue
27002242587,1303.0,blue
28967925958,1303.0,blue
27689463477,1303.0,blue
39350643080,1303.0,blue
40376698330,1302.0,blue
42902602462,1302.0,blue
42674016642,1300.0,blue
27167648607,1298.0,blue
41681046592,1298.0,blue
27088756367,1296.0,blue
27460153687,1295.0,blue
25990756198,1294.0,blue
28298487778,1294.0,blue
42186715174,1289.0,blue
42672438732,1288.0,blue
27629115967,1286.0,blue
40967316204,1286.0,blue
41601638644,1285.0,blue
40906810335,1284.0,blue
40992228010,1283.0,blue
40854173102,1281.0,blue
40804719925,1281.0,blue
40384892910,1280.0,blue
27188490317,1279.0,blue
40352186962,1279.0,blue
42335102462,1279.0,blue
40843616260,1278.0,blue
40520443490,1278.0,blue
27916842528,1276.0,blue
27228475067,1276.0,blue
39979100301,1276.0,blue
38873493494,1276.0,blue
40730549510,1275.0,blue
26469211387,1275.0,blue
28952072958,1275.0,blue
39556159720,1273.0,blue
41621303492,1272.0,blue
38885019985,1272.0,blue
42220255511,1269.0,blue
42217451214,1269.0,blue
41237698304,1268.0,blue
40957935034,1268.0,blue
40875082331,1267.0,blue
41636709925,1266.0,blue
42384328441,1265.0,blue
39993394191,1264.0,blue
41016292934,1264.0,blue
41149749934,1263.0,blue
39946058210,1262.0,blue
39871532664,1262.0,blue
41606755931,1260.0,blue
28090335338,1260.0,blue
38952575545,1258.0,blue
42382146162,1258.0,blue
28791930408,1253.0,blue
41452355224,1251.0,blue
27216215797,1251.0,blue
26691338007,1250.0,blue
41342236175,1250.0,blue
40063949914,1249.0,blue
41598240435,1249.0,blue
25548958257,1249.0,blue
41576688074,1246.0,blue
28539067398,1245.0,blue
41137517035,1245.0,blue
40780329484,1245.0,blue
39418968812,1244.0,blue
40042228820,1244.0,blue
41700388601,1244.0,blue
28566382508,1244.0,blue
39995256792,1242.0,blue
42960789601,1241.0,blue
24967363984,1241.0,blue
39599910285,1241.0,blue
42886656172,1239.0,blue
40053476950,1239.0,blue
27752971357,1238.0,blue
40761149945,1237.0,blue
25652595437,1237.0,blue
41600437025,1236.0,blue
42834399812,1236.0,blue
40929260580,1234.0,blue
41329756134,1234.0,blue
41727615802,1234.0,blue
28922875988,1234.0,blue
27210438837,1233.0,blue
41155863120,1233.0,blue
40012107165,1233.0,blue
27124482788,1232.0,blue
27694604227,1232.0,blue
28102692328,1231.0,blue
40581416224,1230.0,blue
42652007902,1230.0,blue
39416996764,1229.0,blue
41564793294,1228.0,blue
25830791438,1228.0,blue
41846923992,1227.0,blue
42039902802,1226.0,blue
40476998120,1224.0,blue
41639750594,1224.0,blue
42471905461,1223.0,blue
27389395227,1222.0,blue
41006692295,1222.0,blue
41016488070,1221.0,blue
27386640597,1221.0,blue
39724691920,1218.0,blue
39410713520,1217.0,blue
40481993545,1217.0,blue
41335021494,1216.0,blue
28297699648,1215.0,blue
40115267651,1215.0,blue
40450305430,1215.0,blue
25872960808,1215.0,blue
27798641399,1215.0,blue
40491393200,1214.0,blue
40003718400,1214.0,blue
41703188041,1213.0,blue
39925451565,1213.0,blue
39804448970,1213.0,blue
42232461682,1213.0,blue
40252270732,1212.0,blue
39715912972,1211.0,blue
26427870818,1211.0,blue
42056166871,1211.0,blue
39030035915,1209.0,blue
41491275802,1209.0,blue
42916819712,1209.0,blue
40857984340,1206.0,blue
42060097381,1205.0,blue
42174030841,1204.0,blue
41869450091,1204.0,blue
41137221965,1203.0,blue
28401239989,1202.0,blue
27562922327,1202.0,blue
27928237919,1201.0,blue
40095580525,1200.0,blue
41131729972,1199.0,blue
42176060551,1198.0,blue
40952011835,1197.0,blue
39997584131,1195.0,blue
26419032958,1194.0,blue
41747489264,1194.0,blue
41559967755,1193.0,blue
27436584087,1192.0,blue
39723876894,1192.0,blue
41663526122,1191.0,blue
40465814720,1191.0,blue
28425344788,1190.0,blue
39837417602,1189.0,blue
39773558265,1189.0,blue
27860214407,1187.0,blue
39216448554,1183.0,blue
27652414658,1183.0,blue
41973442464,1182.0,blue
27433199677,1182.0,blue
41302135351,1182.0,blue
28414637608,1181.0,blue
24824424717,1179.0,blue
41802569374,1179.0,blue
41444608394,1178.0,blue
28062349638,1178.0,blue
42015773094,1178.0,blue
41236333674,1176.0,blue
40612348070,1175.0,blue
40707994932,1175.0,blue
39967841824,1175.0,blue
40714416205,1175.0,blue
39583896155,1174.0,blue
41724287224,1174.0,blue
39332611914,1173.0,blue
40412377470,1173.0,blue
27759544108,1172.0,blue
25370994827,1170.0,blue
28817901918,1168.0,blue
39224013385,1167.0,blue
28701337418,1165.0,blue
41081469424,1165.0,blue
40385751032,1164.0,blue
39977854470,1163.0,blue
28616645298,1163.0,blue
40875964644,1163.0,blue
42466782001,1162.0,blue
42144239214,1158.0,blue
41552711382,1156.0,blue
25766980678,1154.0,blue
28296654458,1154.0,blue
41168920680,1153.0,blue
27695992907,1151.0,blue
38906404120,1151.0,blue
27912250938,1150.0,blue
25685274528,1148.0,blue
41694125844,1148.0,blue
28268917498,1146.0,blue
39765236282,1145.0,blue
42313188062,1144.0,blue
41011726315,1143.0,blue
41433224754,1143.0,blue
27140260147,1143.0,blue
42285103022,1143.0,blue
40164154590,1143.0,blue
15844786133,1141.0,blue
26524730307,1140.0,blue
41415349825,1139.0,blue
26784874197,1139.0,blue
41981926155,1138.0,blue
26472473817,1138.0,blue
42440230922,1138.0,blue
41138223350,1137.0,blue
41916434634,1137.0,blue
41926442851,1133.0,blue
40962878690,1132.0,blue
41630350925,1128.0,blue
27055706607,1128.0,blue
27951402448,1127.0,blue
40166568102,1123.0,blue
41765563672,1122.0,blue
41303566954,1122.0,blue
41204325315,1121.0,blue
40347639700,1120.0,blue
26707664697,1120.0,blue
40000946530,1119.0,blue
42044701001,1119.0,blue
42084245312,1119.0,blue
41085923392,1116.0,blue
41003797634,1115.0,blue
28322737028,1114.0,blue
39924313794,1112.0,blue
40677015355,1112.0,blue
40347748200,1111.0,blue
42192733202,1110.0,blue
40352959640,1110.0,blue
41930193524,1109.0,blue
27460926977,1109.0,blue
25652617327,1109.0,blue
41638691354,1108.0,blue
40251098150,1108.0,blue
40656446814,1108.0,blue
40215824840,1108.0,blue
26855707857,1106.0,blue
39889522050,1106.0,blue
27676455857,1103.0,blue
40942780264,1100.0,blue
40977365512,1099.0,blue
41390547545,1099.0,blue
39968410240,1097.0,blue
40490258422,1096.0,blue
28437290998,1096.0,blue
38883630355,1095.0,blue
41548991284,1095.0,blue
28792776978,1093.0,blue
41033233180,1092.0,blue
27079920767,1092.0,blue
41468607995,1090.0,blue
40002255770,1089.0,blue
27955712568,1089.0,blue
41131490040,1086.0,blue
27179183127,1086.0,blue
41428213854,1086.0,blue
39751630894,1082.0,blue
28485459218,1081.0,blue
26893210057,1079.0,blue
27938975757,1077.0,blue
27051551718,1076.0,blue
41161916160,1074.0,blue
42740271882,1070.0,blue
39738679970,1070.0,blue
40411127870,1068.0,blue
40310650334,1068.0,blue
40798653085,1064.0,blue
41708897484,1063.0,blue
27778133888,1061.0,blue
42474161382,1059.0,blue
40705986002,1057.0,blue
42025084804,1056.0,blue
42502958431,1056.0,blue
24957179917,1055.0,blue
42747763981,1055.0,blue
39352661900,1054.0,blue
42541038211,1054.0,blue
40679465735,1053.0,blue
41546465452,1052.0,blue
25869698998,1049.0,blue
42779342011,1049.0,blue
27777496778,1047.0,blue
41627040092,1046.0,blue
27611546897,1045.0,blue
41989946192,1043.0,blue
41713594844,1042.0,blue
24894471067,1042.0,blue
42776560162,1042.0,blue
39861951364,1040.0,blue
41801879435,1040.0,blue
41959521414,1039.0,blue
42036351035,1038.0,blue
42897909492,1037.0,blue
27995624717,1035.0,blue
27695956197,1034.0,blue
39986617154,1034.0,blue
28264725028,1031.0,blue
42359059601,1030.0,blue
42466893791,1029.0,blue
41720442382,1027.0,blue
42394021192,1025.0,blue
27689055758,1024.0,blue
42773700381,1024.0,blue
41821271584,1023.0,blue
40791859225,1021.0,blue
42558779601,1021.0,blue
28275359088,1020.0,blue
42922250942,1020.0,blue
40763917695,1019.0,blue
24684880867,1018.0,blue
28052867707,1018.0,blue
42458926062,1016.0,blue
41558030731,1016.0,blue
28029018087,1014.0,blue
41802383214,1013.0,blue
41764175615,1012.0,blue
27870142637,1010.0,blue
27732469757,1008.0,blue
41705076281,1007.0,blue
26763341667,1004.0,blue
26455043657,1004.0,blue
41000598355,1002.0,blue
40369863524,1001.0,blue
42750877972,1000.0,blue
27203726828,999.0,blue
28589682168,998.0,blue
27560990407,996.0,blue
41814914141,996.0,blue
42361485741,995.0,blue
41405827974,989.0,blue
26757094797,988.0,blue
41635638345,985.0,blue
41919431274,985.0,blue
41104742320,985.0,blue
41651004295,984.0,blue
27655037747,984.0,blue
41586916255,983.0,blue
42674019821,983.0,blue
42021243344,982.0,blue
40095183454,981.0,blue
42410659781,980.0,blue
42652723092,979.0,blue
41356191995,979.0,blue
41997939552,977.0,blue
40998752310,975.0,blue
42190908941,975.0,blue
42260735611,974.0,blue
28425590038,971.0,blue
27568197748,971.0,blue
41589833462,970.0,blue
39458149155,970.0,blue
42075655674,966.0,blue
27041810558,964.0,blue
42302761722,961.0,blue
27988332767,960.0,blue
25790764108,958.0,blue
24812250007,958.0,blue
27600354407,957.0,blue
39832897050,955.0,blue
42060701584,955.0,blue
39216988375,954.0,blue
41927081762,950.0,blue
42887862962,949.0,blue
38952254334,949.0,blue
40881529421,947.0,blue
39859131030,946.0,blue
40607376261,944.0,blue
27803286117,944.0,blue
26852447188,942.0,blue
28584543888,941.0,blue
26752281377,937.0,blue
39882699605,936.0,blue
40454914131,935.0,blue
27057032677,934.0,blue
39956289800,933.0,blue
27862432667,933.0,blue
40634461130,926.0,blue
42951109601,924.0,blue
39763770034,924.0,blue
40404483180,923.0,blue
42284590051,922.0,blue
41249715925,921.0,blue
41868380664,920.0,blue
40479701241,916.0,blue
42919945132,912.0,blue
40734339320,912.0,blue
39893264222,909.0,blue
42053387115,908.0,blue
40810740895,908.0,blue
26905019137,908.0,blue
39905095440,906.0,blue
40965690034,904.0,blue
39527615580,904.0,blue
28158537268,903.0,blue
42123660111,902.0,blue
42188933371,900.0,blue
27264060017,899.0,blue
27854994787,898.0,blue
41833924434,898.0,blue
28824228998,898.0,blue
41481195865,895.0,blue
27224705808,894.0,blue
42211375541,888.0,blue
40665309175,885.0,blue
39989097330,883.0,blue
26989961798,883.0,blue
41844857032,883.0,blue
41626779982,882.0,blue
39839606121,881.0,blue
42008021215,879.0,blue
27732257137,878.0,blue
42887009742,876.0,blue
28864840468,872.0,blue
24944815127,867.0,blue
42773868831,865.0,blue
40966162310,859.0,blue
27049689317,858.0,blue
42928058282,858.0,blue
26780837798,857.0,blue
27978133918,854.0,blue
39048144645,853.0,blue
40667587840,851.0,blue
28220817449,851.0,blue
41329276285,850.0,blue
41909271575,849.0,blue
28908855658,846.0,blue
41538075204,845.0,blue
41869665221,844.0,blue
27655997838,843.0,blue
41459077545,843.0,blue
42822883572,839.0,blue
27989621367,830.0,blue
41614062461,829.0,blue
40255973492,823.0,blue
42877608692,820.0,blue
41156008881,819.0,blue
40234952030,816.0,blue
28011117188,814.0,blue
42416306931,813.0,blue
42853063252,812.0,blue
41402365552,810.0,blue
27092714197,809.0,blue
42250250111,804.0,blue
42780226552,803.0,blue
26824661447,802.0,blue
27608166087,800.0,blue
41423331045,797.0,blue
42541423611,795.0,blue
24652108797,791.0,blue
39764878215,790.0,blue
40708983755,787.0,blue
42141759164,784.0,blue
41602491425,781.0,blue
40266058385,775.0,blue
40704644280,775.0,blue
42919353121,770.0,blue
27368871497,765.0,blue
41458801804,758.0,blue
42159328011,754.0,blue
42139693012,754.0,blue
28231682048,754.0,blue
42383121801,751.0,blue
26698393988,750.0,blue
41524867975,748.0,blue
27915084438,746.0,blue
40724443730,745.0,blue
41115448620,745.0,blue
42011757152,744.0,blue
41023537564,742.0,blue
39944044340,741.0,blue
27569039117,740.0,blue
41115822194,738.0,blue
40967299970,737.0,blue
38873362674,735.0,blue
27156801768,735.0,blue
27336255827,731.0,blue
42670671952,731.0,blue
39584804304,731.0,blue
38972470820,729.0,blue
40156934434,726.0,blue
42249918644,725.0,blue
42380926302,724.0,blue
42943191141,722.0,blue
40784304460,719.0,blue
39491911730,718.0,blue
41005642724,715.0,blue
41394087952,703.0,blue
40240559210,703.0,blue
42348875721,701.0,blue
42444598491,699.0,blue
41323954924,695.0,blue
41665138121,694.0,blue
42213244522,691.0,blue
40444518272,690.0,blue
41169752084,683.0,blue
40477721524,683.0,blue
28446683598,682.0,blue
41095755120,676.0,blue
28474663198,676.0,blue
41796663471,675.0,blue
25654771107,672.0,blue
41396400795,671.0,blue
27589729797,671.0,blue
27358042017,668.0,blue
42185597802,663.0,blue
42798848901,662.0,blue
42662204981,657.0,blue
39892765700,654.0,blue
41968625492,654.0,blue
41490320694,650.0,blue
42052981545,649.0,blue
41841538072,649.0,blue
27715400627,645.0,blue
39751767111,644.0,blue
39675425291,640.0,blue
42512515152,638.0,blue
27018723048,638.0,blue
42954148691,633.0,blue
40108202560,633.0,blue
42073834111,629.0,blue
39985092381,628.0,blue
41136674475,627.0,blue
27748600517,626.0,blue
41897009765,622.0,blue
27130091347,616.0,blue
42722848662,614.0,blue
38721815805,612.0,blue
41868523875,603.0,blue
28453562898,600.0,blue
27802835287,599.0,blue
26874968377,599.0,blue
40703182010,599.0,blue
27943894948,597.0,blue
27415677647,582.0,blue
39383282160,582.0,blue
39745775550,578.0,blue
27795432768,577.0,blue
41737519785,572.0,blue
42034921662,572.0,blue
27984243798,571.0,blue
29060867798,570.0,blue
40926966430,567.0,blue
41606716165,567.0,blue
27432966127,565.0,blue
42150106794,564.0,blue
40478996600,559.0,blue
39778211314,557.0,blue
42478022742,556.0,blue
26991726057,551.0,blue
42001824734,547.0,blue
41355840715,547.0,blue
27590633317,543.0,blue
28048108549,539.0,blue
28044715607,538.0,blue
40172866082,536.0,blue
40199512400,531.0,blue
26887089507,527.0,blue
39828742580,523.0,blue
42425466571,522.0,blue
40320679010,522.0,blue
42424874392,521.0,blue
41009890124,517.0,blue
42498732731,511.0,blue
26303798148,510.0,blue
28036312417,506.0,blue
42062613795,506.0,blue
40732843950,503.0,blue
38971708164,502.0,blue
41790187721,499.0,blue
27993474897,496.0,blue
42232212874,494.0,blue
41811754175,489.0,blue
41592241385,488.0,blue
41620008975,485.0,blue
42920730832,482.0,blue
27158872917,476.0,blue
42731352962,475.0,blue
41016458665,474.0,blue
42560800541,467.0,blue
41168964345,463.0,blue
27908918438,460.0,blue
41404040755,454.0,blue
42952920871,443.0,blue
42428745371,441.0,blue
42922115042,438.0,blue
42032503265,430.0,blue
41060552280,429.0,blue
41051079180,405.0,blue
41250368024,400.0,blue
41118197160,392.0,blue
40689899670,391.0,blue
40863376834,388.0,blue
28800513488,372.0,blue
42049530405,368.0,blue
39180928690,362.0,blue
29089107018,328.0,blue
42859511152,323.0,blue
42935082212,286.0,blue
41143891740,282.0,blue
41104058600,274.0,blue
28068828127,249.0,blue
41152693540,247.0,blue
28005490797,233.0,blue
42903366391,207.0,blue
41172763570,200.0,blue
42909818391,184.0,blue
28117191437,157.0,blue
42883535431,144.0,blue
42933435451,101.0,blue
42264949724,94.0,blue
42880913241,88.0,blue
42928874992,81.0,blue
42205505334,78.0,blue
29063602778,62.0,blue
41102912790,58.0,blue
29121781308,48.0,blue
29027247118,46.0,blue
41168070710,40.0,blue
42896786441,31.0,blue
29021826998,25.0,blue
42634706852,21.0,blue
29071365868,18.0,blue
42949910731,13.0,blue
42049548015,12.0,blue
41823093745,10.0,blue
42239341184,8.0,blue
42273598854,7.0,blue
42643506331,6.0,blue
42932369341,5.0,blue
41148005570,3.0,blue
42218762764,2.0,blue
